country,iso_code,gap_year,months_missing,months_in_year
Angola,AGO,1976,12,12
Angola,AGO,1997,11,12
Angola,AGO,1998,12,12
Angola,AGO,1999,12,12
Angola,AGO,2000,12,12
Angola,AGO,2001,12,12
Angola,AGO,2002,12,12
Angola,AGO,2003,12,12
Angola,AGO,2004,7,12
Botswana,BWA,2002,12,12
Botswana,BWA,2004,12,12
Botswana,BWA,2007,12,12
Central African Republic,CAF,1970,12,12
Central African Republic,CAF,1971,12,12
Central African Republic,CAF,1972,12,12
Central African Republic,CAF,1973,12,12
Central African Republic,CAF,1974,12,12
Central African Republic,CAF,1975,12,12
Central African Republic,CAF,1976,12,12
Central African Republic,CAF,1977,12,12
Central African Republic,CAF,1978,12,12
Central African Republic,CAF,1979,12,12
Central African Republic,CAF,1980,12,12
Central African Republic,CAF,1981,12,12
Central African Republic,CAF,1982,12,12
Central African Republic,CAF,1983,12,12
Central African Republic,CAF,1984,12,12
Central African Republic,CAF,1985,12,12
Central African Republic,CAF,1986,12,12
Central African Republic,CAF,1987,12,12
Central African Republic,CAF,1988,12,12
Central African Republic,CAF,1989,12,12
Central African Republic,CAF,1990,12,12
Central African Republic,CAF,1991,12,12
Central African Republic,CAF,1992,12,12
Central African Republic,CAF,1993,12,12
Central African Republic,CAF,1994,12,12
Central African Republic,CAF,1995,12,12
Central African Republic,CAF,1996,12,12
Central African Republic,CAF,2013,12,12
Côte d'Ivoire,CIV,1973,12,12
Côte d'Ivoire,CIV,1983,11,12
Cameroon,CMR,1970,12,12
Cameroon,CMR,1977,12,12
Congo,COG,2001,6,12
Eritrea,ERI,1971,12,12
Eritrea,ERI,1972,12,12
Eritrea,ERI,1973,12,12
Eritrea,ERI,1974,10,12
Eritrea,ERI,1975,12,12
Eritrea,ERI,1976,12,12
Eritrea,ERI,1977,11,12
Eritrea,ERI,1978,12,12
Eritrea,ERI,1979,12,12
Eritrea,ERI,1980,12,12
Eritrea,ERI,1981,12,12
Eritrea,ERI,1982,12,12
Eritrea,ERI,1983,12,12
Eritrea,ERI,1984,12,12
Eritrea,ERI,1985,9,12
Eritrea,ERI,1986,12,12
Eritrea,ERI,1987,12,12
Eritrea,ERI,1988,12,12
Eritrea,ERI,1989,12,12
Eritrea,ERI,1990,12,12
Eritrea,ERI,1991,12,12
Eritrea,ERI,1992,12,12
Eritrea,ERI,1993,12,12
Eritrea,ERI,1994,12,12
Eritrea,ERI,1995,12,12
Eritrea,ERI,1996,12,12
Eritrea,ERI,1998,12,12
Eritrea,ERI,1999,12,12
Eritrea,ERI,2001,12,12
Eritrea,ERI,2002,12,12
Eritrea,ERI,2003,12,12
Eritrea,ERI,2009,9,12
Eritrea,ERI,2010,12,12
Eritrea,ERI,2022,12,12
Eritrea,ERI,2026,10,10
Ethiopia,ETH,1972,12,12
Ethiopia,ETH,1973,12,12
Ethiopia,ETH,1974,12,12
Ethiopia,ETH,1975,12,12
Ethiopia,ETH,1976,12,12
Ethiopia,ETH,1977,12,12
Ethiopia,ETH,1978,12,12
Ethiopia,ETH,1979,12,12
Ethiopia,ETH,1980,12,12
Ethiopia,ETH,1981,12,12
Ethiopia,ETH,1983,12,12
Ethiopia,ETH,1984,12,12
Ethiopia,ETH,1985,12,12
Ethiopia,ETH,1986,12,12
Ethiopia,ETH,1987,12,12
Ethiopia,ETH,1988,12,12
Ethiopia,ETH,1989,12,12
Ethiopia,ETH,1990,12,12
Ethiopia,ETH,1991,12,12
Ethiopia,ETH,1992,12,12
Ethiopia,ETH,1993,12,12
Ethiopia,ETH,1994,12,12
Ethiopia,ETH,1995,12,12
Ethiopia,ETH,1996,12,12
Ethiopia,ETH,1997,12,12
Ethiopia,ETH,1998,12,12
Ethiopia,ETH,1999,12,12
Ethiopia,ETH,2000,12,12
Ethiopia,ETH,2001,12,12
Ethiopia,ETH,2002,12,12
Ethiopia,ETH,2003,12,12
Gabon,GAB,1988,10,12
Gabon,GAB,1997,12,12
Ghana,GHA,1986,12,12
Guinea,GIN,1971,12,12
Guinea,GIN,1972,12,12
Guinea,GIN,1973,12,12
Guinea,GIN,1974,12,12
Guinea,GIN,1975,12,12
Guinea,GIN,1976,12,12
Guinea,GIN,1977,12,12
Guinea,GIN,1978,12,12
Guinea,GIN,1979,12,12
Guinea,GIN,1980,12,12
Guinea,GIN,1981,12,12
Guinea,GIN,1982,12,12
Guinea,GIN,1983,12,12
Guinea,GIN,1984,12,12
Guinea,GIN,1985,12,12
Guinea,GIN,1987,12,12
Guinea,GIN,1988,12,12
Guinea,GIN,1989,12,12
Guinea,GIN,1990,12,12
Guinea,GIN,1991,12,12
Guinea,GIN,1992,12,12
Guinea,GIN,1993,12,12
Guinea,GIN,1997,12,12
Gambia,GMB,1970,12,12
Gambia,GMB,1971,12,12
Gambia,GMB,1972,12,12
Gambia,GMB,1973,12,12
Gambia,GMB,1974,12,12
Gambia,GMB,1975,12,12
Gambia,GMB,1976,12,12
Gambia,GMB,1977,12,12
Gambia,GMB,1978,12,12
Gambia,GMB,1979,12,12
Gambia,GMB,1980,12,12
Gambia,GMB,1981,12,12
Gambia,GMB,1982,12,12
Gambia,GMB,1983,12,12
Gambia,GMB,1984,12,12
Gambia,GMB,1986,12,12
Gambia,GMB,1987,12,12
Gambia,GMB,1988,12,12
Gambia,GMB,1989,12,12
Gambia,GMB,1990,12,12
Gambia,GMB,1991,12,12
Gambia,GMB,1992,12,12
Gambia,GMB,1993,12,12
Gambia,GMB,1997,12,12
Gambia,GMB,1998,12,12
Gambia,GMB,1999,12,12
Gambia,GMB,2000,12,12
Gambia,GMB,2001,12,12
Gambia,GMB,2002,12,12
Gambia,GMB,2003,12,12
Gambia,GMB,2004,12,12
Guinea-Bissau,GNB,1970,12,12
Guinea-Bissau,GNB,1971,12,12
Guinea-Bissau,GNB,1972,12,12
Guinea-Bissau,GNB,1973,12,12
Guinea-Bissau,GNB,1974,12,12
Guinea-Bissau,GNB,1975,12,12
Guinea-Bissau,GNB,1976,12,12
Guinea-Bissau,GNB,1977,12,12
Guinea-Bissau,GNB,1978,12,12
Guinea-Bissau,GNB,1979,12,12
Guinea-Bissau,GNB,1980,12,12
Guinea-Bissau,GNB,1981,12,12
Guinea-Bissau,GNB,1982,12,12
Guinea-Bissau,GNB,1983,12,12
Guinea-Bissau,GNB,1984,12,12
Guinea-Bissau,GNB,1985,12,12
Guinea-Bissau,GNB,1988,12,12
Guinea-Bissau,GNB,1989,12,12
Guinea-Bissau,GNB,1990,12,12
Guinea-Bissau,GNB,1991,12,12
Guinea-Bissau,GNB,1992,12,12
Guinea-Bissau,GNB,1993,12,12
Guinea-Bissau,GNB,1999,12,12
Guinea-Bissau,GNB,2000,12,12
Guinea-Bissau,GNB,2001,12,12
Equatorial Guinea,GNQ,1970,12,12
Equatorial Guinea,GNQ,1971,12,12
Equatorial Guinea,GNQ,1972,12,12
Equatorial Guinea,GNQ,1974,12,12
Equatorial Guinea,GNQ,1975,12,12
Equatorial Guinea,GNQ,1976,12,12
Equatorial Guinea,GNQ,1977,12,12
Equatorial Guinea,GNQ,1978,12,12
Equatorial Guinea,GNQ,1979,12,12
Equatorial Guinea,GNQ,1980,12,12
Equatorial Guinea,GNQ,1981,12,12
Equatorial Guinea,GNQ,1982,12,12
Equatorial Guinea,GNQ,1983,12,12
Equatorial Guinea,GNQ,1986,12,12
Equatorial Guinea,GNQ,1987,12,12
Equatorial Guinea,GNQ,1988,12,12
Equatorial Guinea,GNQ,1989,12,12
Equatorial Guinea,GNQ,1990,12,12
Equatorial Guinea,GNQ,1991,12,12
Equatorial Guinea,GNQ,1992,12,12
Equatorial Guinea,GNQ,1993,12,12
Equatorial Guinea,GNQ,1994,12,12
Equatorial Guinea,GNQ,1995,12,12
Equatorial Guinea,GNQ,1996,12,12
Equatorial Guinea,GNQ,1997,12,12
Equatorial Guinea,GNQ,1998,12,12
Equatorial Guinea,GNQ,1999,12,12
Equatorial Guinea,GNQ,2000,12,12
Equatorial Guinea,GNQ,2001,12,12
Equatorial Guinea,GNQ,2002,12,12
Equatorial Guinea,GNQ,2003,12,12
Equatorial Guinea,GNQ,2007,12,12
Equatorial Guinea,GNQ,2008,12,12
Equatorial Guinea,GNQ,2022,12,12
Equatorial Guinea,GNQ,2023,12,12
Kenya,KEN,1988,12,12
Kenya,KEN,1990,12,12
Kenya,KEN,1991,12,12
Liberia,LBR,1990,12,12
Liberia,LBR,1992,12,12
Liberia,LBR,1993,12,12
Malawi,MWI,1979,12,12
Malawi,MWI,1980,12,12
Malawi,MWI,1982,12,12
Malawi,MWI,1987,12,12
Niger,NER,1975,12,12
Niger,NER,1976,12,12
Niger,NER,1977,12,12
Niger,NER,1978,12,12
Niger,NER,1979,12,12
Niger,NER,1980,12,12
Niger,NER,1982,12,12
Niger,NER,1983,12,12
Niger,NER,1985,12,12
Niger,NER,1986,12,12
Niger,NER,1987,12,12
Niger,NER,1990,12,12
Niger,NER,1992,12,12
Niger,NER,1993,12,12
Rwanda,RWA,1990,12,12
Rwanda,RWA,1994,11,12
Rwanda,RWA,1996,10,12
Rwanda,RWA,2002,12,12
Rwanda,RWA,2014,8,12
Senegal,SEN,1970,12,12
Senegal,SEN,1971,12,12
Senegal,SEN,1995,7,12
Senegal,SEN,2007,10,12
Sierra Leone,SLE,1997,7,12
Sierra Leone,SLE,2014,7,12
Somalia,SOM,1991,12,12
Somalia,SOM,1992,12,12
Somalia,SOM,1993,12,12
South Sudan,SSD,1970,12,12
South Sudan,SSD,1971,8,12
South Sudan,SSD,1972,12,12
South Sudan,SSD,1973,12,12
South Sudan,SSD,1974,12,12
South Sudan,SSD,1975,12,12
South Sudan,SSD,1976,12,12
South Sudan,SSD,1977,12,12
South Sudan,SSD,1978,12,12
South Sudan,SSD,1979,9,12
South Sudan,SSD,1980,8,12
South Sudan,SSD,1981,12,12
South Sudan,SSD,1982,12,12
South Sudan,SSD,1983,12,12
South Sudan,SSD,1984,12,12
South Sudan,SSD,1985,12,12
South Sudan,SSD,1986,12,12
South Sudan,SSD,1987,12,12
South Sudan,SSD,1988,12,12
South Sudan,SSD,1989,12,12
South Sudan,SSD,1990,12,12
South Sudan,SSD,1991,12,12
South Sudan,SSD,1992,12,12
South Sudan,SSD,1993,12,12
South Sudan,SSD,1994,12,12
South Sudan,SSD,1995,12,12
South Sudan,SSD,1996,9,12
South Sudan,SSD,1997,11,12
South Sudan,SSD,1998,12,12
South Sudan,SSD,1999,6,12
South Sudan,SSD,2000,12,12
South Sudan,SSD,2001,12,12
South Sudan,SSD,2005,10,12
Chad,TCD,1970,12,12
Chad,TCD,1973,12,12
Chad,TCD,1975,12,12
Chad,TCD,1976,12,12
Chad,TCD,1977,12,12
Chad,TCD,1978,12,12
Chad,TCD,1979,12,12
Chad,TCD,1980,12,12
Chad,TCD,1981,12,12
Chad,TCD,1982,12,12
Chad,TCD,1983,12,12
Chad,TCD,1984,12,12
Chad,TCD,1985,12,12
Chad,TCD,1986,12,12
Chad,TCD,1987,12,12
Chad,TCD,1988,12,12
Chad,TCD,1989,12,12
Chad,TCD,1990,12,12
Chad,TCD,1992,12,12
Chad,TCD,1993,12,12
Chad,TCD,1995,12,12
Chad,TCD,2000,12,12
Chad,TCD,2002,12,12
Chad,TCD,2008,12,12
Chad,TCD,2012,12,12
Chad,TCD,2013,12,12
Chad,TCD,2025,6,12
Tanzania,TZA,2026,6,10
Uganda,UGA,1981,12,12
Uganda,UGA,1984,12,12
Uganda,UGA,1985,12,12
Uganda,UGA,1986,12,12
Uganda,UGA,1988,12,12
Uganda,UGA,1989,12,12
Uganda,UGA,1990,12,12
Uganda,UGA,1993,12,12
South Africa,ZAF,2018,10,12
Zimbabwe,ZWE,1972,12,12
Zimbabwe,ZWE,1973,12,12
Zimbabwe,ZWE,1974,12,12
Zimbabwe,ZWE,1975,12,12
Zimbabwe,ZWE,1976,12,12
Zimbabwe,ZWE,1977,12,12
Zimbabwe,ZWE,1978,12,12
Zimbabwe,ZWE,1979,12,12
Zimbabwe,ZWE,1980,12,12
Zimbabwe,ZWE,1981,12,12
Zimbabwe,ZWE,1982,12,12
Zimbabwe,ZWE,1983,12,12
Zimbabwe,ZWE,1984,12,12
