iso,source_index,source,url,status_code,status_category,redirect_url,response_time_s,error
AGO,1,UNICEF Angola Situation Report No. 4 (Cholera Outbreak),https://reliefweb.int/report/angola/unicef-angola-situation-report-no-4-cholera-outbreak-11-march-2025,202,OK,,1.09,
AGO,10,WHO Global Health Data - Angola 1989-1996,https://apps.who.int/gho/data,200,OK,https://www.who.int/data/gho/legacy,2.79,
AGO,11,WHO Historical Reports - Angola 2011,https://www.who.int/emergencies/disease-outbreak-news,200,OK,,1.08,
AGO,12,WHO AFRO Reports - Angola 2016-2017,https://www.afro.who.int/countries/angola,200,OK,,1.61,
AGO,13,ECDC Cholera Monthly Overview - Zero Transmission 2024,https://www.ecdc.europa.eu/en/all-topics-z/cholera/surveillance-and-disease-data/cholera-monthly,200,OK,,2.25,
AGO,14,WHO Disease Outbreak News - Angola 2025,https://www.who.int/emergencies/disease-outbreak-news/item/2025-DON562,200,OK,,1.04,
AGO,15,WHO AFRO Angola cholera preparedness,https://www.afro.who.int/countries/angola/news/angola-reinforces-cholera-preparedness-and-response-measures,200,OK,,1.58,
AGO,16,Sitata - Cholera outbreak kills 12 in Soyo Zaire Province Angola,https://www.sitata.com/en/alerts/cholera-an-outbreak-kills-12-in-soyo-zaire-province-angola,200,OK,,1.35,
AGO,17,UNICEF Angola Humanitarian Situation Report April 2018,https://reliefweb.int/report/angola/unicef-angola-humanitarian-situation-report-april-2018,202,OK,,0.33,
AGO,18,WHO Disease Outbreak News May 2006,https://www.who.int/emergencies/disease-outbreak-news/item/2006_05_31-en,200,OK,,0.34,
AGO,19,Angola Flood and Cholera Reports 2007,https://reliefweb.int/report/angola/angola-flood-and-cholera-update-2007,202,OK,,0.33,
AGO,2,UNICEF Angola Situation Report No. 5 (Cholera Outbreak),https://reliefweb.int/report/angola/unicef-angola-situation-report-no-5-cholera-outbreak-28-march-2025,202,OK,,1.09,
AGO,20,Frontiers in Microbiology Vibrio cholerae study,https://www.frontiersin.org/articles/10.3389/fmicb.2013.00354/full,200,OK,https://www.frontiersin.org/journals/microbiology/articles/10.3389/fmicb.2013.00354/full,2.96,
AGO,21,Angola drought cholera outbreak reports 2013,https://reliefweb.int/report/angola/drought-contributes-cholera-outbreak-southern-angola,202,OK,,0.32,
AGO,22,Angola Lucapa cholera outbreak December 2011,https://reliefweb.int/report/angola/lucapa-records-over-100-cholera-cases-15-days,202,OK,,0.34,
AGO,23,Angola 2009 floods and cholera reports,https://reliefweb.int/report/angola/angola-flood-and-cholera-update-situation-report-no-3-01-apr-2009,202,OK,,0.33,
AGO,24,WHO Angola cholera response April 2025,https://www.afro.who.int/countries/angola/news/who-strengthens-field-presence-and-support-cholera-response-during-high-level-visit-kwanza-sul-and,200,OK,,1.28,
AGO,25,WHO surveillance zero-transmission validation 1997-2005,https://www.who.int/emergencies/disease-outbreak-news/item/2025-DON562,200,OK,,0.35,
AGO,26,WHO surveillance zero-transmission validation 2019-2022,https://www.afro.who.int/countries/angola/news/angola-reinforces-cholera-preparedness-and-response-measures,200,OK,,1.28,
AGO,27,WHO surveillance zero-transmission validation 2023-2024,https://www.who.int/emergencies/disease-outbreak-news/item/2025-DON562,200,OK,,0.37,
AGO,28,UN OCHA Angola Flood and Cholera Update Report No. 2,https://reliefweb.int/report/angola/angola-flood-and-cholera-update-situation-report-no-2-23-mar-2009,202,OK,,0.32,
AGO,29,UN OCHA Angola Flood and Cholera Update Report No. 3,https://reliefweb.int/report/angola/angola-flood-and-cholera-update-situation-report-no-3-01-apr-2009,202,OK,,0.31,
AGO,3,WHO Disease Outbreak News - Cholera Angola,https://www.who.int/emergencies/disease-outbreak-news/item/2025-DON562,200,OK,,1.15,
AGO,30,ACT Alert Angola 1/2007 Floods in Angola,https://reliefweb.int/report/angola/act-alert-angola-12007-floods-angola,202,OK,,0.34,
AGO,31,WHO AFRO Angola health surveillance 2008-2010,https://www.afro.who.int/countries/angola,200,OK,,0.43,
AGO,4,Frontiers in Microbiology - Vibrio cholerae O1 epidemic variants in Angola 1992-2006,https://www.frontiersin.org/articles/10.3389/fmicb.2013.00354/full,200,OK,https://www.frontiersin.org/journals/microbiology/articles/10.3389/fmicb.2013.00354/full,3.54,
AGO,5,UNICEF Angola Cholera Outbreak Situation Report 21 Apr 2006,https://reliefweb.int/report/angola/unicef-angola-cholera-outbreak-situation-report-21-apr-2006,202,OK,,1.1,
AGO,6,UNICEF Angola Humanitarian Situation Report No. 6 Cholera April 2025,https://www.unicef.org/media/170416/file/UNICEF_Angola_Cholera_Outbreak_Situation_Report_No._6_-_29_March_-_29_April_2025.pdf.pdf,403,FORBIDDEN,,1.07,
AGO,7,WHO Weekly Epidemiological Record - Seasonality of Cholera 1974-2005,https://pmc.ncbi.nlm.nih.gov/articles/PMC2467415/,200,OK,,1.09,
AGO,8,PubMed - Early stage recurrent cholera epidemic Luanda,https://pubmed.ncbi.nlm.nih.gov/8307144/,200,OK,,1.26,
AGO,9,Cholera Outbreaks in Africa - ResearchGate historical compilation,https://www.researchgate.net/publication/262339340_Cholera_Outbreaks_in_Africa,403,FORBIDDEN,,1.09,
BDI,1,Cholera Hot-Spots and Contextual Factors in Burundi PMC,https://pmc.ncbi.nlm.nih.gov/articles/PMC8163194/,200,OK,,0.4,
BDI,2,CDC MMWR Epidemic Cholera Burundi 1992-1993,https://www.cdc.gov/mmwr/preview/mmwrhtml/00020745.htm,200,OK,,1.3,
BDI,3,CDC EID Dynamics Great Lakes Cholera 1978-2008,https://wwwnc.cdc.gov/eid/article/17/11/11-0170_article,200,OK,https://wwwnc.cdc.gov/eid/404.html?aspxerrorpath=/eid/article/17/11/11-0170_article,5.4,
BDI,4,ReliefWeb Burundi Cholera Outbreak 2019,https://reliefweb.int/disaster/ep-2019-000124-bdi,202,OK,,0.32,
BEN,1,WHO Disease Outbreak News - Cholera Benin 2022,https://www.who.int/emergencies/disease-outbreak-news/item/cholera-benin,200,OK,,0.35,
BEN,2,IFRC Emergency Plan of Action Final Report - Benin Cholera 2016,https://reliefweb.int/report/benin/benin-cholera-mdrbj015-emergency-plan-action-final-report,202,OK,,0.33,
BEN,3,Dynamics of cholera epidemics from Benin to Mauritania - PLOS NTD 2018,https://journals.plos.org/plosntds/article?id=10.1371/journal.pntd.0006379,200,OK,,1.0,
BEN,4,WHO Cholera Surveillance 2003 - Benin,https://www.who.int/emergencies/disease-outbreak-news/item/2003_11_20-en,200,OK,,0.34,
BEN,5,WHO Cholera Surveillance 2008 - Benin,https://pubmed.ncbi.nlm.nih.gov/21695873/,200,OK,,1.23,
BEN,6,Seventh Cholera Pandemic - West Africa,https://en.wikipedia.org/wiki/Seventh_cholera_pandemic,200,OK,,1.58,
BEN,7,Cholera Outbreaks in LMICs Systematic Review - MDPI 2024,https://www.mdpi.com/2076-2607/12/12/2504,403,FORBIDDEN,,1.69,
BFA,1,PMC 2005 Burkina Faso Cholera Epidemic Study,https://pmc.ncbi.nlm.nih.gov/articles/PMC3201576/,200,OK,,0.33,
BFA,10,UN Press Release West Africa Cholera Forum 2005,https://press.un.org/en/2005/afr1240.doc.htm,200,OK,,1.01,
BFA,11,Cholera Factsheet Burkina Faso 2017 - Plateforme Choléra,https://plateformecholera.info/sites/default/files/2022-11/Cholera%20Factsheet_Burkina%20Faso_2017_FINAL.pdf,200,OK,https://plateformecholera.info/trainings/,2.43,
BFA,12,UNICEF Burkina Faso Humanitarian Situation Report 2025,https://www.unicef.org/media/170631/file/UNICEF%20Burkina%20Faso%20Humanitarian%20Situation%20Report%20No.%201%20,403,FORBIDDEN,,0.97,
BFA,13,ReliefWeb West and Central Africa Snapshot October 2022,https://reliefweb.int/report/burkina-faso/west-and-central-africa-weekly-regional-humanitarian-snapshot-4-october-10-october-2022,202,OK,,0.95,
BFA,2,WHO Disease Outbreak News 2001 West Africa Cholera,https://www.who.int/emergencies/disease-outbreak-news/item/2001_09_26-en,200,OK,,0.36,
BFA,3,Resolve to Save Lives - Epidemics That Didn't Happen 2022 Cholera Burkina Faso,https://etdh.resolvetosavelives.org/2022/cholera/,200,OK,,1.21,
BFA,4,Xinhua French News - Cholera Epidemic Eastern Burkina Faso 2022,https://french.news.cn/20220707/a90c84cc0b224c14951e7bba35c0505c/c.html,200,OK,,2.2,
BFA,5,WHO AFRO Monthly Regional Cholera Bulletin January 2025,https://www.afro.who.int/publications/monthly-regional-cholera-bulletin-january-2025,200,OK,,1.26,
BFA,6,WHO 1996 Disease Outbreak News Cholera in Africa,https://www.who.int/emergencies/disease-outbreak-news/item/1996_02_15-en,200,OK,,0.37,
BFA,7,Pan African Medical Journal - 2005 Burkina Faso Cholera,https://panafrican-med-journal.com/content/article/8/1/full/,200,OK,,1.37,
BFA,8,Wakat Sera - Cholera Cases in Kantchari 2022,https://www.wakatsera.com/burkina-des-cas-de-cholera-enregistres-a-kantchari/,200,OK,,1.89,
BFA,9,Nations Encyclopedia WHO Cholera Deaths Database,https://www.nationsencyclopedia.com/WorldStats/WHO-cholera-number-deaths.html,200,OK,,1.31,
BWA,1,UN News Cholera Southern Africa Zimbabwe February 2009,https://news.un.org/en/story/2009/02/291152-cholera-southern-africa-could-be-linked-zimbabwe-says-un-health-agency,200,OK,https://news.un.org/en/story/2009/02/291152,1.3,
BWA,2,ReliefWeb Botswana Cholera Increase March 2009,https://reliefweb.int/report/botswana/botswana-cholera-increase,202,OK,,0.97,
BWA,3,WHO AFRO Botswana Diarrhoea Outbreak Response 2018,https://www.afro.who.int/countries/botswana/news/who-supports-botswana-respond-outbreak-diarrhoea-children-below-five-years-age,200,OK,,1.29,
BWA,4,Xinhua Botswana First Suspected Cholera Case June 2023,https://english.news.cn/africa/20230615/c7e2240da0014b209bb4b9f0fa671b4e/c.html,200,OK,,2.51,
BWA,5,Botswana Daily News Cholera Prevention Commitment 2024,https://dailynews.gov.bw/news-detail/77610,404,NOT_FOUND,,1.73,
BWA,6,Lancet Global Health Cholera Seasonality Sub-Saharan Africa 2022,https://pmc.ncbi.nlm.nih.gov/articles/PMC9090905/,200,OK,,1.0,
CAF,1,Seventh Pandemic Vibrio cholerae O1 Sublineages Central African Republic EID 2021,https://wwwnc.cdc.gov/eid/article/27/1/20-0375_article,200,OK,https://wwwnc.cdc.gov/eid/404.html?aspxerrorpath=/eid/article/27/1/20-0375_article,2.09,
CAF,2,Seventh Pandemic Vibrio cholerae O1 Sublineages Central African Republic PMC,https://pmc.ncbi.nlm.nih.gov/articles/PMC7774542/,200,OK,,1.02,
CAF,3,ReliefWeb Central African Republic Cholera Outbreak October 2011,https://reliefweb.int/disaster/ep-2011-000153-caf,202,OK,,0.35,
CAF,4,UNICEF Central African Republic 2016 Cholera Outbreak Response,https://www.unicef.org/press-releases/unicef-and-partners-respond-cholera-outbreak-central-african-republic,403,FORBIDDEN,,1.03,
CAF,5,WHO Public Health Situation Analysis Central African Republic,https://www.who.int/publications/m/item/public-health-situation-analysis---the-central-african-republic,200,OK,,1.08,
CAF,6,WHO Monthly Regional Cholera Bulletin January 2025,https://www.afro.who.int/publications/monthly-regional-cholera-bulletin-january-2025,200,OK,,0.48,
CAF,7,Emergence of Cholera in the Central African Republic Germani 1998,https://pubmed.ncbi.nlm.nih.gov/10052560/,200,OK,,1.2,
CAF,8,ReliefWeb Central African Republic Cholera Outbreak August 2016,https://reliefweb.int/disaster/ep-2016-000082-caf,202,OK,,0.36,
CIV,1,WHO Disease Outbreak News 1996 Global Cholera Update,https://www.who.int/emergencies/disease-outbreak-news/item/1996_01_22a-en,200,OK,,1.13,
CIV,10,WHO AFRO Monthly Cholera Bulletin December 2024,https://www.afro.who.int/publications/monthly-regional-cholera-bulletin-december-2024,200,OK,,0.42,
CIV,2,WHO Disease Outbreak News 2001 Cholera in West Africa,https://www.who.int/emergencies/disease-outbreak-news/item/2001_09_26-en,200,OK,,1.14,
CIV,3,WHO Disease Outbreak News 2002 Cholera in Côte d'Ivoire,https://www.who.int/emergencies/disease-outbreak-news/item/2002_08_13a-en,200,OK,,1.05,
CIV,4,Cholera Incidence and Mortality in Sub-Saharan African Sites during Multi-country Surveillance - Africhol Study,https://pmc.ncbi.nlm.nih.gov/articles/PMC4871502/,200,OK,,0.32,
CIV,5,UNICEF Report 2011 Cholera Outbreak Abidjan Adjamé,https://m.reliefweb.int/report/382462,202,OK,https://reliefweb.int/report/382462,2.41,
CIV,6,IFRC Cholera Côte d'Ivoire Red Cross Response 2025,https://www.ifrc.org/article/cholera-cote-divoire-bustling-waterside-hub-red-cross-takes-cholera,403,FORBIDDEN,,1.01,
CIV,7,Africanews Report Ivory Coast Cholera Outbreak June 2025,https://www.africanews.com/2025/06/06/ivory-coast-announces-cholera-outbreak-after-7-deaths/,200,OK,,1.45,
CIV,8,UNICEF Press Release 80000 Children at Risk Cholera West Central Africa 2025,https://www.unicef.org/press-releases/80000-children-high-risk-cholera-outbreaks-spread-across-12-countries-west-and,403,FORBIDDEN,,1.0,
CIV,9,Five Years of Cholera Surveillance in Ivory Coast 2001-2005 PubMed,https://pubmed.ncbi.nlm.nih.gov/19583033/,200,OK,,0.52,
CMR,1,Africa CDC Weekly Epidemiological Brief,https://africacdc.org/download/africa-cdc-weekly-event-based-surveillance-report-august-2023/,,CONNECTION_ERROR,,,"HTTPSConnectionPool(host='africacdc.org', port=443): Max retries exceeded with url: /download/africa-cdc-weekly-event-ba"
CMR,10,International Medical Corps Cameroon 2010 Report,https://internationalmedicalcorps.org,200,OK,https://internationalmedicalcorps.org/,1.02,
CMR,11,ECHO Humanitarian Implementation Plan Cameroon 2022,https://ec.europa.eu/echo,200,OK,https://ec.europa.eu/echo/,1.91,
CMR,12,Ministry of Public Health Cameroon Far North Sub-District 2022,https://www.minsante.cm,200,OK,https://www.minsante.cm/,1.86,
CMR,13,North Region Health Delegation 2018-2019 Garoua Epidemic,https://www.minsante.cm,200,OK,https://www.minsante.cm/,1.97,
CMR,14,SouthWest Region 2021-2022 Outbreak Report,https://www.minsante.cm,200,OK,https://www.minsante.cm/,1.85,
CMR,15,Centre Region Yaounde Biyem-Assi Outbreak 2021,https://www.minsante.cm,200,OK,https://www.minsante.cm/,1.88,
CMR,16,South Region Kribi 2020 Outbreak Documentation,https://www.minsante.cm,200,OK,https://www.minsante.cm/,1.86,
CMR,17,Littoral Region 2020 Annual Surveillance,https://www.minsante.cm,200,OK,https://www.minsante.cm/,1.84,
CMR,18,East Region Bertoua Confirmed Cases 2023,https://www.minsante.cm,200,OK,https://www.minsante.cm/,1.84,
CMR,19,WHO AFRO Cholera Annual Summary Cameroon 2008,https://www.afro.who.int,200,OK,https://www.afro.who.int/,1.32,
CMR,2,WHO AFRO Weekly Bulletin 2024,https://www.afro.who.int/health-topics/cholera,200,OK,,1.32,
CMR,3,PLOS NTD Wave Analysis Cameroon 2000-2012,https://journals.plos.org/plosntds/article?id=10.1371/journal.pntd.0001483,200,OK,,1.1,
CMR,4,WHO Weekly Epidemiological Record 2009-2010 Cameroon,https://www.who.int/publications/journals/weekly-epidemiological-record,200,OK,,1.07,
CMR,5,Spatial Analysis Douala 2004 Outbreak (Ngwa et al),https://pubmed.ncbi.nlm.nih.gov/,200,OK,,1.11,
CMR,6,UNICEF Cameroon Far North Cholera Response 2010,https://www.unicef.org/cameroon,403,FORBIDDEN,,0.98,
CMR,7,MSF Field Report Yaounde 2011 Cholera,https://www.msf.org/cameroon,403,FORBIDDEN,,1.01,
CMR,8,Red Cross IFRC Emergency Appeal Cameroon 2011,https://www.ifrc.org/appeals,403,FORBIDDEN,,1.0,
CMR,9,IFRC DREF 2014 Cameroon Cholera Far North,https://www.ifrc.org/dref,403,FORBIDDEN,,1.02,
COD,1,WHO Disease Outbreak News 2023-DON441,https://www.who.int/emergencies/disease-outbreak-news/item/2023-DON441,200,OK,,0.36,
COD,10,Cholera Prevention Control Refugee Settings PMC 2019,https://pmc.ncbi.nlm.nih.gov/articles/PMC6586254/,200,OK,,1.01,
COD,11,UNICEF DRC Cholera Worst in 25 Years December 2025,https://www.unicef.org/drc/press-releases/drc-cholera-worst-outbreak-25-years,403,FORBIDDEN,,0.98,
COD,12,Outbreaknewstoday DRC Cholera Haut-Lomami 2025,https://outbreaknewstoday.com/drc-cholera-haut-lomami-2025,200,OK,https://outbreaknewstoday.com,2.34,
COD,13,WHO AFRO DRC Cholera 2025 Provincial Update Mai-Ndombe,https://www.afro.who.int/news/whos-response-cholera-epidemic-democratic-republic-congo,200,OK,,0.69,
COD,14,WHO AFRO DRC Cholera Lualaba Early 2025,https://www.afro.who.int/publications/monthly-regional-cholera-bulletin-january-2025,200,OK,,1.29,
COD,15,WHO AFRO DRC Tshopo Province Epidemic Declaration April 2025,https://www.afro.who.int/publications/monthly-regional-cholera-bulletin-april-2025,200,OK,,1.33,
COD,16,ReliefWeb CATI DRC Cholera Tanganyika 2025,https://reliefweb.int/report/democratic-republic-congo/cholera-drc-tanganyika-2025,202,OK,,1.02,
COD,17,CDC MMWR Cholera DRC Kisangani Ubundu Refugee Camps April 1997,https://www.cdc.gov/mmwr/preview/mmwrhtml/00052860.htm,200,OK,,1.08,
COD,2,WHO Multi-country Cholera Situation Report 2025 DON579,https://www.who.int/emergencies/disease-outbreak-news/item/2025-DON579,200,OK,,1.02,
COD,3,WHO Feature Story DRC Cholera Response 2025,https://www.who.int/news-room/feature-stories/detail/who-response-to-challenging-cholera-outbreak-in-the-democratic-republic-of-the-congo,200,OK,,1.01,
COD,4,WHO Multi-country Cholera Epidemiological Update 33 January 2026,https://cdn.who.int/media/docs/default-source/documents/emergencies/situation-reports/20260127_multi-country_outbreak-of-cholera_epidemiological_update_33.pdf,200,OK,,1.07,
COD,5,WHO AFRO Monthly Cholera Bulletin December 2024,https://www.afro.who.int/publications/monthly-regional-cholera-bulletin-december-2024,200,OK,,1.52,
COD,6,Cholera Epidemics War Disasters Goma Kivu PLoS NTDs 2009,https://journals.plos.org/plosntds/article?id=10.1371/journal.pntd.0000436,200,OK,,1.01,
COD,7,WHO DON Cholera Zaire January 1997,https://www.who.int/emergencies/disease-outbreak-news/item/1997_01_20-en,200,OK,,0.36,
COD,8,BMC Infectious Diseases Spatiotemporal Dynamics Cholera DRC 1973-2022,https://pmc.ncbi.nlm.nih.gov/articles/PMC10976723/,200,OK,,0.97,
COD,9,BMC Infectious Diseases Westward Spread DRC Cholera 1973-2018,https://bmcinfectdis.biomedcentral.com/articles/10.1186/s12879-021-06986-9,200,OK,https://link.springer.com/article/10.1186/s12879-021-06986-9,4.23,
COG,1,MSF Cholera Response Congo-Brazzaville 2007,https://www.msf.org/cholera-intervention-focuses-coastal-city-congo-brazzaville,403,FORBIDDEN,,0.99,
COG,2,WHO AFRO Cholera Congo 2011 DREF Context Report,https://reliefweb.int/report/congo/congo-cholera-outbreak-dref-operation-n%C2%B0-mdrcg009-final-report,202,OK,,1.03,
COG,3,WHO AFRO 2018 Week 12 Cholera Regional Update Congo,https://reliefweb.int/report/democratic-republic-congo/cholera-outbreaks-central-and-west-africa-2018-regional-update-3,202,OK,,1.02,
COG,4,WHO Disease Outbreak News 2023 Congo Triple Outbreak DON488,https://www.who.int/emergencies/disease-outbreak-news/item/2023-DON488,200,OK,,0.37,
COG,5,WHO DON 2025 Multi-Country Cholera Sitrep 28 Congo,https://www.who.int/emergencies/disease-outbreak-news/item/2025-DON579,200,OK,,0.35,
COG,6,WHO AFRO Congo Cholera Outbreak Declining October 2025,https://www.afro.who.int/countries/congo/news/cholera-epidemic-declining-congo,200,OK,https://www.afro.who.int/countries/congo/news/cholera-outbreak-declining-congo,0.85,
COG,7,WHO AFRO Congo Cholera Response Mbamou Island 2025,https://www.afro.who.int/countries/congo/news/cholera-response-congo-mbamou-island-breathes-again,200,OK,,0.43,
COG,8,ProMED/WHO Congo 2016 Cholera Alert Mbamou Island,https://reliefweb.int/disaster/ep-2023-000127-cog,202,OK,,0.33,
COG,9,ReliefWeb Congo Betou Cholera DREF MDRCG010 2012,https://reliefweb.int/report/congo/congo-cholera-outbreak-betou-dref-operation-n%C2%B0-mdrcg010-final-report,202,OK,,0.98,
ETH,1,Ethiopia National Cholera Elimination Plan 2022-2028 (PMC11244260),https://pmc.ncbi.nlm.nih.gov/articles/PMC11244260/,200,OK,,0.34,
ETH,10,Retrospective Analysis Ethiopia Cholera 2001-2023,https://academic.oup.com/cid/article/79/Supplement_1/S8/7712959,403,FORBIDDEN,,1.03,
ETH,11,Epidemiology of Cholera Outbreak Addis Ababa 2016 (PMC9300272),https://pmc.ncbi.nlm.nih.gov/articles/PMC9300272/,200,OK,,0.32,
ETH,12,Ethiopia Cholera Outbreak Flash Update 8 June 2023 OCHA,https://reliefweb.int/report/ethiopia/ethiopia-cholera-outbreak-flash-update-8-20-june-2023,202,OK,,0.31,
ETH,13,Retrospective Analysis of Cholera AWD Outbreaks in Ethiopia 2001-2023 PMC,https://pmc.ncbi.nlm.nih.gov/articles/PMC11244192/,200,OK,,0.38,
ETH,2,Spatiotemporal dynamics of cholera epidemics in Ethiopia 2015-2021 (PMC10991303),https://pmc.ncbi.nlm.nih.gov/articles/PMC10991303/,200,OK,,0.35,
ETH,3,Frontiers epidemiology article on Dollo Ado cholera outbreak 2023,https://www.frontiersin.org/journals/epidemiology/articles/10.3389/fepid.2025.1480230/full,200,OK,,1.89,
ETH,4,ReliefWeb OCHA humanitarian reports 2019,https://reliefweb.int/disaster/ep-2019-000080-eth,202,OK,,0.34,
ETH,5,UNICEF Ethiopia cholera response reports 2020,https://reliefweb.int/report/ethiopia/ethiopia-cholera-outbreak-ethiopian-authorities-unicef-dg-echo-partners-echo-daily,202,OK,,0.31,
ETH,6,Infectious Disease Control and Management in Ethiopia A Case Study of Cholera (PMC9197421),https://pmc.ncbi.nlm.nih.gov/articles/PMC9197421/,200,OK,,0.33,
ETH,7,Inferred from baseline surveillance gap analysis,https://academic.oup.com/cid/article/79/Supplement_1/S8/7712959,403,FORBIDDEN,,1.01,
ETH,8,Retrospective Analysis of Cholera in Ethiopia (Oxford Academic),https://academic.oup.com/cid/article/79/Supplement_1/S8/7712959,403,FORBIDDEN,,1.02,
ETH,9,WHO Multi-Country Cholera Situation Report July 2024,https://reliefweb.int/report/ethiopia/multi-country-outbreak-cholera-external-situation-report-16-published-18-july-2024,202,OK,,0.32,
GAB,1,Trends of cholera epidemics and associated mortality factors in Cameroon 2018-2023 BMC Public Health,https://pmc.ncbi.nlm.nih.gov/articles/PMC12082990/,200,OK,,0.99,
GAB,10,WHO Recent Cholera Outbreaks in Africa February 2004,https://www.who.int/emergencies/disease-outbreak-news/item/2004_02_18a-en,200,OK,,0.36,
GAB,2,Cross-Border Cholera Outbreaks in Sub-Saharan Africa PLOS ONE 2016,https://pmc.ncbi.nlm.nih.gov/articles/PMC4892562/,200,OK,,0.35,
GAB,3,WHO Cholera Global Situation Report 2025,https://www.who.int/emergencies/disease-outbreak-news/item/2025-DON579,200,OK,,0.34,
GAB,4,WHO AFRO Cholera Multi-country Outbreak Situation Report February 2024,https://www.who.int/docs/default-source/coronaviruse/situation-reports/20240212_multi-country_outbreak-of-cholera_sitrep_11.pdf,200,OK,,0.36,
GAB,5,Cholera burden in the WHO African Region patterns and trends 2000-2023 PMC,https://pmc.ncbi.nlm.nih.gov/articles/PMC11891530/,200,OK,,0.33,
GAB,6,JHU Cholera Database WHO Annual Cholera Report UID 315,https://apps.who.int/gho/data/node.main.174,200,OK,https://www.who.int/data/gho/legacy,2.07,
GAB,7,Cholera seasonality sub-Saharan Africa Lancet Global Health 2022,https://www.thelancet.com/journals/langlo/article/PIIS2214-109X(22)00007-9/fulltext,403,FORBIDDEN,,1.02,
GAB,8,CDC MMWR International Notes Cholera 1981,https://www.cdc.gov/mmwr/preview/mmwrhtml/00001155.htm,200,OK,,0.97,
GAB,9,WHO Disease Outbreak News Gabon Ebola Archive 2001-2002,https://www.who.int/emergencies/disease-outbreak-news/item/2002_01_07-en,200,OK,,0.36,
GHA,1,WHO Disease Outbreak News Ghana Cholera 1999,https://www.who.int/emergencies/disease-outbreak-news/item/1999_09_02-en,200,OK,,0.35,
GHA,10,Ghana Parliament Update Cholera 2025,https://www.parliament.gh/floor?dis=37,200,OK,,1.14,
GHA,11,WHO AFRO How Ghana Beat 2024 Cholera Surge,https://www.afro.who.int/photo-story/outbreak-containment-how-ghana-beat-2024-cholera-surge,200,OK,,0.41,
GHA,12,Africanews Ghana Cholera 2025 February,https://www.africanews.com/2025/02/21/ghana-struggles-to-deal-with-a-cholera-outbreak/,200,OK,,1.13,
GHA,13,GAAC Global Alliance Against Cholera Ghana 2024,https://www.choleraalliance.org/en/news/cholera-outbreak-ghana,200,OK,,1.68,
GHA,14,PMC Cyclical Cholera Outbreaks Ghana Filth Not Myth,https://pmc.ncbi.nlm.nih.gov/articles/PMC6003169/,200,OK,,0.36,
GHA,15,Ghana Health Service Facebook 2024 Cholera Press Release,https://www.facebook.com/GHSofficial1/posts/1184565977007461,200,OK,,1.76,
GHA,16,WHO AFRO Monthly Bulletin January 2025,https://www.afro.who.int/publications/monthly-regional-cholera-bulletin-january-2025,200,OK,,0.44,
GHA,17,Blue Community Ghana Cholera Water Crisis January 2025,https://blue-community.net/2025/01/ghana-cholera-outbreak-amid-water-crisis/,200,OK,,1.87,
GHA,18,PMC Economic Evaluation 2014 Cholera Outbreak Ghana,https://pmc.ncbi.nlm.nih.gov/articles/PMC5714944/,200,OK,,0.35,
GHA,19,GBC Ghana Western Region Cholera 2024,https://www.gbcghanaonline.com/news/health/cholera-western-region/2024/,200,OK,,1.12,
GHA,2,PMC Assessment Response Cholera Two Districts Ghana 2012,https://pmc.ncbi.nlm.nih.gov/articles/PMC5090876/,200,OK,,0.34,
GHA,20,GNA Cholera Sekondi-Takoradi 2024,https://gna.org.gh/2024/11/cholera-outbreak-sekondi-takoradi-records-two-deaths-23-confirmed-cases/,200,OK,,0.97,
GHA,21,GHS Ghana Health Service Initial Cholera Report October 2024,https://www.ghanaweb.com/GhanaHomePage/NewsArchive/Ghana-Health-Service-confirms-nine-cholera-cases-in-Greater-Accra-Region-1955373,404,NOT_FOUND,,2.53,
GHA,22,GHS Ghana Health Service Zero Cholera 2017,https://www.graphic.com.gh/news/general-news/nation-records-zero-cholera-cases-since-2020.html,200,OK,,1.07,
GHA,23,WHO Surveillance Gap Ghana 1986-1989,https://www.who.int/emergencies/surveillance/cholera-cases-and-deaths,200,OK,,0.36,
GHA,24,ReliefWeb Ghana Cholera 1999 Annual Total,https://reliefweb.int/report/ghana/ghana-floods-north-worsen-cholera-outbreak,202,OK,,1.09,
GHA,25,SCIRP Retrospective Study Central Region Ghana 2016,https://www.scirp.org/journal/paperinformation?paperid=128033,403,FORBIDDEN,,1.65,
GHA,26,PMC Ghana Cholera Surveillance Assessment 2011,https://pmc.ncbi.nlm.nih.gov/articles/PMC5090876/,200,OK,,0.33,
GHA,3,PMC East Akim Cholera Outbreak 2010,https://pmc.ncbi.nlm.nih.gov/articles/PMC3645159/,200,OK,,0.34,
GHA,4,PMC Brong Ahafo Cholera Outbreak 2014,https://pmc.ncbi.nlm.nih.gov/articles/PMC5553860/,200,OK,,0.36,
GHA,5,Graphic Online Ghana Cholera 720 Cases 2016,https://www.modernghana.com/news/751310/720-cholera-cases-recorded-in-2016.html,200,OK,,1.2,
GHA,6,PMC Protracted Cholera Outbreak Central Region Ghana 2016,https://pmc.ncbi.nlm.nih.gov/articles/PMC7837350/,200,OK,,1.06,
GHA,7,WHO AFRO Ghana Cholera Support 2014,https://www.afro.who.int/news/who-provides-technical-support-fight-cholera-outbreak-ghana,200,OK,,0.43,
GHA,8,Graphic Online Ghana Zero Cholera Since 2020,https://www.graphic.com.gh/news/general-news/nation-records-zero-cholera-cases-since-2020.html,200,OK,,1.07,
GHA,9,RGG News Ghana 2024 Cholera 4155 Cases,https://rggnews.com/ghana-records-4155-cholera-cases-and-35-deaths-as-outbreak-eases/,200,OK,,1.9,
GIN,1,WHO Disease Outbreak News 2001 Guinea Cholera,https://www.who.int/emergencies/disease-outbreak-news/item/2001_09_26-en,200,OK,,0.35,
GIN,10,WHO DON 2001 West Africa Cholera Update September 2001,https://www.who.int/emergencies/disease-outbreak-news/item/2001_09_26-en,200,OK,,0.37,
GIN,2,Deciphering Origin 2012 Cholera Epidemic Guinea PLOS NTD,https://journals.plos.org/plosntds/article?id=10.1371/journal.pntd.0002898,200,OK,,1.1,
GIN,3,Guinea Cholera Safe Water Sources and Sanitations SCIRP,https://www.scirp.org/journal/paperinformation?paperid=48228,403,FORBIDDEN,,1.24,
GIN,4,Temporo-spatial Dynamics 2012 Cholera Epidemic Conakry PLOS,https://pmc.ncbi.nlm.nih.gov/articles/PMC5815196/,200,OK,,0.4,
GIN,5,Cholera Incidence AFRICHOL Multi-country Surveillance PLOS NTD,https://pmc.ncbi.nlm.nih.gov/articles/PMC4871502/,200,OK,,0.37,
GIN,6,Feasibility Mass Vaccination OCV Guinea 2012 PLOS Medicine,https://pmc.ncbi.nlm.nih.gov/articles/PMC3769208/,200,OK,,0.34,
GIN,7,WHO Multi-country Cholera Situation Report 2024 AFRO,https://www.afro.who.int/publications/weekly-regional-cholera-bulletin-4-march-2024,200,OK,,1.65,
GIN,8,Cholera West Africa Risk Factors 1986 AJPH,https://pubmed.ncbi.nlm.nih.gov/2316500/,200,OK,,1.16,
GIN,9,WHO Cholera Outbreaks 2004 Annual Report,https://www.astrium.com/uploads/pdf/cholera2004.pdf,200,OK,,1.04,
GMB,1,Cholera Outbreak in Senegal in 2005 Was Climate a Factor PMC3432123,https://pmc.ncbi.nlm.nih.gov/articles/PMC3432123/,200,OK,,0.37,
GMB,2,Dynamics of Cholera Epidemics from Benin to Mauritania PMC5908202,https://pmc.ncbi.nlm.nih.gov/articles/PMC5908202/,200,OK,,4.41,
GMB,3,The Point Gambia - Historian Ceesay 1869 Cholera Epidemic Bathurst,https://thepoint.gm/africa/gambia/article/historian-ceesay-recalls-1869-cholera-epidemic-in-bathurst-to-fight-codiv-19,200,OK,,13.1,
GMB,4,Half Die Wikipedia - 1869 Cholera Epidemic,https://en.wikipedia.org/wiki/Half_Die,200,OK,,1.62,
GMB,5,WHO Disease Outbreak News Cholera in Senegal 2005,https://www.who.int/emergencies/disease-outbreak-news/item/2005_03_29-en,200,OK,,0.38,
GMB,6,UK Parliamentary Hansard 1869 Gambia Cholera Reference,https://api.parliament.uk/historic-hansard/commons/1869/jul/30/gambia-prisoners-in-bathurst-gaol,200,OK,,1.01,
GNB,1,WHO Disease Outbreak News Guinea-Bissau 2008,https://www.who.int/emergencies/disease-outbreak-news/item/2008_09_22-en,200,OK,,0.35,
GNB,10,Academic Study 1996-1997 Guinea-Bissau Cholera Epidemics,https://pubmed.ncbi.nlm.nih.gov/?term=Guinea-Bissau+cholera+1996+1997,200,OK,,0.99,
GNB,11,WHO Annual Cholera Report 2002-2004 Guinea-Bissau,https://www.who.int/publications/journals/weekly-epidemiological-record,200,OK,,0.41,
GNB,12,WHO Annual Report 2009-2011 Guinea-Bissau Zero Transmission,https://www.who.int/publications/journals/weekly-epidemiological-record,200,OK,,0.4,
GNB,13,WHO Annual Report 2006-2007 Guinea-Bissau Zero Transmission,https://www.who.int/publications/journals/weekly-epidemiological-record,200,OK,,0.39,
GNB,14,WHO Annual Report 1986 Guinea-Bissau First Epidemic,https://www.who.int/publications/journals/weekly-epidemiological-record,200,OK,,0.35,
GNB,15,WHO Annual Report 1995 Guinea-Bissau Zero Transmission,https://www.who.int/publications/journals/weekly-epidemiological-record,200,OK,,1.04,
GNB,16,PMC Major Stressors Guinea-Bissau Cholera 1986-2013,https://pmc.ncbi.nlm.nih.gov/articles/PMC8583644/,200,OK,,0.33,
GNB,17,WHO AFRO Monthly Cholera Bulletin 2025,https://www.afro.who.int/publications/monthly-regional-cholera-bulletin-june-2025,200,OK,,0.43,
GNB,2,PMC Comprehensive Historical Study Guinea-Bissau Cholera 1986-2013,https://pmc.ncbi.nlm.nih.gov/articles/PMC4379520/,200,OK,,0.35,
GNB,3,Research Study 2005 Guinea-Bissau Cholera Epidemic,https://www.ncbi.nlm.nih.gov/pmc/articles/PMC3321481/,200,OK,https://pmc.ncbi.nlm.nih.gov/articles/PMC3321481/,1.34,
GNB,4,WHO Annual Cholera Reports 1986-2024,https://www.who.int/emergencies/surveillance/cholera-cases-and-deaths,200,OK,,0.34,
GNB,5,PMC Water Quality Study 2020 Guinea-Bissau,https://pmc.ncbi.nlm.nih.gov/articles/PMC7306959/,200,OK,,0.34,
GNB,6,WHO AFRO Regional Cholera Surveillance 2022-2025,https://www.afro.who.int/health-topics/cholera,200,OK,,1.28,
GNB,7,ReliefWeb Guinea-Bissau Cholera 2012-2013,https://reliefweb.int/report/guinea-bissau/guinea-bissau-cholera-outbreak-2012-2013,202,OK,,1.01,
GNB,8,MSF Guinea-Bissau Cholera Response 2005 2008,https://www.msf.org/guinea-bissau,403,FORBIDDEN,,1.01,
GNB,9,Academic Study 1994 Guinea-Bissau Cholera Epidemic,https://pubmed.ncbi.nlm.nih.gov/?term=Guinea-Bissau+cholera+1994,200,OK,,1.01,
GNQ,1,The New Humanitarian 2005 Equatorial Guinea Cholera Report,https://www.thenewhumanitarian.org/report/55468/equatorial-guinea-cholera-kills-15,403,FORBIDDEN,,0.96,
GNQ,2,BMC Public Health Cameroon Cholera Study,https://bmcpublichealth.biomedcentral.com/articles/10.1186/s12889-025-23007-5,200,OK,https://link.springer.com/article/10.1186/s12889-025-23007-5,2.33,
GNQ,3,WHO AFRO Cholera Surveillance 2024,https://www.afro.who.int/health-topics/cholera,200,OK,,0.41,
GNQ,4,Lancet Global Health Cholera Seasonality Study,https://www.thelancet.com/journals/langlo/article/PIIS2214-109X(19)30087-4/fulltext,403,FORBIDDEN,,1.02,
GNQ,5,American Journal Tropical Medicine EM-DAT Cholera Study,https://www.ajtmh.org/view/journals/tpmd/106/4/article-p1071.xml,404,NOT_FOUND,,1.88,
KEN,1,National Surveillance Data Kenya 1997-2010,https://academic.oup.com/jid/article/208/suppl_1/S55/832321,403,FORBIDDEN,,1.02,
KEN,10,Kenya 2012 Horn of Africa Drought Outbreak,https://pmc.ncbi.nlm.nih.gov/articles/PMC8812730/,200,OK,,1.02,
KEN,11,Kenya North Eastern Province Historical Pattern,https://reliefweb.int/report/kenya/kenya-mandera-cholera-outbreak-emergency-plan-action-final-report-dref-n-mdrke038,202,OK,,0.99,
KEN,12,Kenya Seasonal Cholera Patterns Analysis,https://idpjournal.biomedcentral.com/articles/10.1186/2049-9957-3-37,200,OK,https://link.springer.com/article/10.1186/2049-9957-3-37,1.61,
KEN,13,Kenya Cholera Vaccination Program 2023,https://www.gavi.org/vaccineswork/kenya-cholera-vaccine-campaign-smashes-target-climate-change-boosts-risk,200,OK,,1.84,
KEN,14,Kenya Cholera Elimination Strategy 2022-2030,https://pmc.ncbi.nlm.nih.gov/articles/PMC10058159/,200,OK,,0.99,
KEN,15,Kenya 2025 Cholera Outbreak WHO Report,https://www.afro.who.int/photo-story/kenya-steps-national-cholera-preparedness-and-response,200,OK,,1.65,
KEN,16,Kenya Homa Bay County 2015 Outbreak,https://www.cdc.gov/mmwr/volumes/65/wr/mm6503a7.htm,200,OK,,0.33,
KEN,17,Kenya Tana River County 2016-2017 Outbreak,https://www.afro.who.int/health-topics/cholera/outbreak/21-july-2017-kenya,200,OK,,1.25,
KEN,18,Kenya Trans Nzoia and West Pokot Counties 2015-2017,https://www.cdc.gov/mmwr/volumes/65/wr/mm6503a7.htm,200,OK,,0.33,
KEN,19,Kenya County Situation Report June 2015,https://reliefweb.int/report/kenya/cholera-situation-report-kenya-9th-june-2015,202,OK,,0.34,
KEN,2,Kenya 2009 National Cholera Epidemic,https://pubmed.ncbi.nlm.nih.gov/24101648/,200,OK,,0.59,
KEN,20,Kenya Regional Molecular Epidemiology 2009-2010,https://pmc.ncbi.nlm.nih.gov/articles/PMC3358164/,200,OK,,0.33,
KEN,21,Dadaab Refugee Camp Detailed Outbreak 2015-2017,https://www.cdc.gov/mmwr/volumes/67/wr/mm6734a4.htm,200,OK,,0.32,
KEN,22,Kenya 2003 Zero Cholera Transmission Year,https://idpjournal.biomedcentral.com/articles/10.1186/2049-9957-3-37,200,OK,https://link.springer.com/article/10.1186/2049-9957-3-37,1.65,
KEN,23,Kenya National Cholera Plan 2015-2019 Data,https://pmc.ncbi.nlm.nih.gov/articles/PMC10058159/,200,OK,,0.33,
KEN,3,Kenya 2015 Cholera Outbreak,https://pubmed.ncbi.nlm.nih.gov/29515719/,200,OK,,0.68,
KEN,4,Dadaab Refugee Camp Outbreak 2015-2016,https://www.cdc.gov/mmwr/volumes/67/wr/mm6734a4.htm,200,OK,,0.99,
KEN,5,Dadaab Refugee Camp 2022 Outbreak,https://reliefweb.int/report/kenya/55-fold-increase-cholera-cases-and-outbreak-measles-kenyas-refugee-camps-strain-health-resources-warns-irc,202,OK,,0.99,
KEN,6,Kenya 1992 Cholera Epidemic,https://pubmed.ncbi.nlm.nih.gov/9677852/,200,OK,,0.46,
KEN,7,Kenya 1971 First Cholera Introduction,https://academic.oup.com/jid/article/208/suppl_1/S55/832321,403,FORBIDDEN,,1.03,
KEN,8,Kenya 1997-1998 Western Kenya Outbreak,https://pubmed.ncbi.nlm.nih.gov/19996441/,200,OK,,1.19,
KEN,9,Kenya 2008 Post-Election Violence Outbreak,https://pubmed.ncbi.nlm.nih.gov/19996441/,200,OK,,0.57,
LBR,1,CDC MMWR 2003 Liberia Cholera Epidemic,https://www.cdc.gov/mmwr/preview/mmwrhtml/mm5236a2.htm,200,OK,,0.96,
LBR,2,WHO Disease Outbreak News 2003 Liberia,https://www.who.int/emergencies/disease-outbreak-news/item/2003_09_02-en,200,OK,,1.11,
LBR,3,MSF Liberia Cholera Response Grand Bassa 2003,https://www.msf.org/liberia-cholera-response,403,FORBIDDEN,,0.95,
LBR,4,UNICEF Liberia New Kru Town Cholera Intervention,https://www.unicef.org/liberia/reports,403,FORBIDDEN,,1.0,
LBR,5,PLOS Liberia Cholera Study 2008 Montserado,https://journals.plos.org/plosntds/,200,OK,,1.03,
LBR,6,Knoema Liberia Cholera Data 2002-2011,https://knoema.com/atlas/Liberia/topics/Health/Communicable-Diseases/Cholera-cases,530,SERVER_ERROR,,1.11,
LBR,7,ReliefWeb Liberia Cholera Humanitarian Response,https://reliefweb.int/country/lbr,202,OK,,0.33,
LBR,8,Maryland County Liberia Cholera Report Harper 2005,https://reliefweb.int/report/liberia/liberia-unmil-humanitarian-situation-report-no-2,202,OK,,0.35,
MLI,1,Merson et al 1988 Epidemiology Infection,https://pmc.ncbi.nlm.nih.gov/articles/PMC2249226/,200,OK,,0.34,
MLI,10,Fortune Journals 2021 West Africa Cholera Outbreak,https://www.fortunejournals.com/articles/the-2021-cholera-outbreak-in-west-africa-epidemiology-and-public-health-implications.html,200,OK,,1.62,
MLI,11,WHO AFRO Monthly Regional Cholera Bulletin January 2025,https://www.afro.who.int/publications/monthly-regional-cholera-bulletin-january-2025,200,OK,,1.32,
MLI,12,UNICEF Mali Cholera Factsheet plateformecholera.info,https://plateformecholera.info/mali-cholera-factsheet,200,OK,https://plateformecholera.info/trainings/,2.53,
MLI,2,Dembele et al 2009 Sante Publique Cairn,https://stm.cairn.info/revue-sante-publique-2009-3-page-263?lang=fr,200,OK,,1.63,
MLI,3,WHO Disease Outbreak News Mali Cholera Update 2 2003,https://www.who.int/emergencies/disease-outbreak-news/item/2003_12_17c-en,200,OK,,0.37,
MLI,4,WHO Disease Outbreak News Recent Outbreaks Africa 2004,https://www.who.int/emergencies/disease-outbreak-news/item/2004_02_18a-en,200,OK,,1.18,
MLI,5,ReliefWeb Mali Cholera Outbreak Jul 2011,https://reliefweb.int/disaster/ep-2011-000112-mli,202,OK,,0.39,
MLI,6,ReliefWeb Aid Agencies Combat Mali Cholera Outbreak 2011,https://reliefweb.int/report/mali/aid-agencies-combat-mali-cholera-outbreak,202,OK,,0.36,
MLI,7,UNICEF Supplies Northern Mali Cholera 2012,https://reliefweb.int/report/mali/unicef-supplies-help-120000-people-northern-mali-against-cholera,202,OK,,1.03,
MLI,8,UNICEF Cholera Threatens Thousands Mali 2013,https://www.unicefusa.org/press/cholera-outbreak-threatens-thousands-mali,403,FORBIDDEN,,1.02,
MLI,9,FluTrackers Mali Cholera Outbreak 2021 WHO,https://flutrackers.com/forum/forum/emerging-diseases-other-health-threats-alphabetical-a-thru-h/cholera-incl-haiti-cholera-disaster/924421-mali-cholera-outbreak-2021,200,OK,,1.17,
MOZ,1,CDC MMWR Cholera Worldwide 1989,https://www.cdc.gov/mmwr/preview/mmwrhtml/00001634.htm,200,OK,,1.03,
MOZ,10,WHO AFRO Cholera Bulletin April 2025,https://www.afro.who.int/publications/monthly-regional-cholera-bulletin-april-2025,200,OK,,1.28,
MOZ,11,WHO DON Cholera Mozambique 1997,https://www.who.int/emergencies/disease-outbreak-news/item/1997_10_28a-en,200,OK,,1.02,
MOZ,12,WHO DON Cholera Chad Mozambique Zambia 2004,https://www.who.int/emergencies/disease-outbreak-news/item/2004_01_28-en,200,OK,,1.02,
MOZ,13,WHO DON Cholera Mozambique 2023,https://www.who.int/emergencies/disease-outbreak-news/item/2023-DON443,200,OK,,1.1,
MOZ,14,WHO DON Cholera Mozambique 1998,https://www.who.int/emergencies/disease-outbreak-news/item/1998_02_10a-en,200,OK,,1.01,
MOZ,15,PubMed - Hospital Cholera Outbreak Maputo 1986,https://pubmed.ncbi.nlm.nih.gov/3798545/,200,OK,,0.52,
MOZ,16,PubMed - Cholera Cyclone Kenneth Northern Mozambique 2019,https://pubmed.ncbi.nlm.nih.gov/31443180/,200,OK,,1.14,
MOZ,2,SciELO Rev Saude Publica - Cholera Epidemiology Mozambique 1973-1992,https://www.scielo.br/j/rsp/a/5KTW7GsqXZbpdSkyDghSfcp/?lang=pt,200,OK,,2.0,
MOZ,3,PubMed - Cholera Pemba Mozambique 1983,https://pubmed.ncbi.nlm.nih.gov/3562999/,200,OK,,1.18,
MOZ,4,Xinhua - Mozambique records over 5600 cholera cases 71 deaths,https://english.news.cn/africa/20260220/09c8b518f64f4e6b967883d090023091/c.html,200,OK,,3.16,
MOZ,5,AMAN Alliance - Mozambique Cholera outbreak exceeds 8300 cases,https://www.aman-alliance.org/Home/ContentDetail/101970,200,OK,,1.95,
MOZ,6,AllAfrica - Mozambique 169 Deaths From Cholera This Year,https://allafrica.com/stories/202512120039.html,200,OK,,1.11,
MOZ,7,ICAP Columbia - Mozambique Cholera Response Cyclone Aftermath,https://icap.columbia.edu/news-events/turning-the-tide-icap-in-mozambique-supports-implementation-of-successful-cholera-outbreak-response-in-cyclone-aftermath/,200,OK,,1.75,
MOZ,8,Portugal Post - Mozambique Cholera Crisis 2025,https://theportugalpost.com/posts/mozambique-cholera-crisis-threatens-portuguese-community-what-expats-need-to-know,200,OK,,1.02,
MOZ,9,WHO AFRO Southern Africa cholera surge 2026,https://www.afro.who.int/news/southern-africa-faces-acute-surge-cholera-due-floods-displacement,200,OK,,0.44,
MRT,1,OCHA Regional Office West Africa 2005,https://press.un.org/en/2005/afr1240.doc.htm,200,OK,,1.04,
MRT,2,MSF Major Cholera Outbreak Nouakchott,https://www.msf.org/major-cholera-outbreak-nouakchott-mauritania,403,FORBIDDEN,,1.02,
MRT,3,West Africa Cholera Dynamics Study PLOS NTD,https://journals.plos.org/plosntds/article?id=10.1371/journal.pntd.0006379,200,OK,,1.05,
MRT,4,Academic Literature Zero-Transmission Validation 2006-2015,https://journals.plos.org/plosntds/article?id=10.1371/journal.pntd.0006379,200,OK,,0.97,
MRT,5,WHO Surveillance Zero-Transmission 2012-2020,https://www.afro.who.int/health-topics/disease-outbreaks/cholera-who-african-region,200,OK,,0.43,
MRT,6,WHO AFRO Cholera-Free Status 2021-2025,https://www.afro.who.int/health-topics/disease-outbreaks/cholera-who-african-region,200,OK,,0.44,
MRT,7,West Africa Cholera Dynamics Study Zero-Transmission 2014-2015,https://journals.plos.org/plosntds/article?id=10.1371/journal.pntd.0006379,200,OK,,1.0,
MWI,1,Epidemic cholera among refugees in Malawi Africa - PubMed,https://pubmed.ncbi.nlm.nih.gov/9207730/,200,OK,,0.63,
MWI,10,Malawi cholera WASH water sanitation hygiene outbreak transmission,https://reliefweb.int/report/malawi/unicef-and-who-step-efforts-contain-cholera-malawi-and-call-additional-funds-and-support,202,OK,,0.99,
MWI,11,Genomic Surveillance of Climate-Amplified Cholera Outbreak Malawi 2022-2023,https://wwwnc.cdc.gov/eid/article/31/6/24-0930_article,200,OK,https://wwwnc.cdc.gov/eid/404.html?aspxerrorpath=/eid/article/31/6/24-0930_article,2.48,
MWI,12,Cholera outbreaks in Malawi in 1998-2012 social and cultural challenges PubMed,https://pubmed.ncbi.nlm.nih.gov/24916870/,200,OK,,0.58,
MWI,13,Fight against cholera outbreak efforts and challenges in Malawi - PMC district data,https://www.ncbi.nlm.nih.gov/pmc/articles/PMC10551271/,200,OK,https://pmc.ncbi.nlm.nih.gov/articles/PMC10551271/,0.68,
MWI,14,Malawi cholera prevention control cases deaths public health intervention,https://pubmed.ncbi.nlm.nih.gov/24916870/,200,OK,,0.53,
MWI,15,Characteristics of a cholera outbreak patterns Vibrio cholerae antibiotic susceptibility rural Malawi,https://pubmed.ncbi.nlm.nih.gov/11925988/,200,OK,,0.34,
MWI,16,Cholera outbreak in districts around Lake Chilwa Malawi Lessons learned PMC,https://pmc.ncbi.nlm.nih.gov/articles/PMC3588220/,200,OK,,0.34,
MWI,17,Malawi Northern Region cholera outbreak Mzuzu Karonga Rumphi district cases surveillance,https://reliefweb.int/report/malawi/disease-outbreak-news-don-cholera-malawi-9-february-2023,202,OK,,0.33,
MWI,18,Mangochi district cholera outbreak cases deaths Lake Malawi fishing communities,https://reliefweb.int/report/malawi/malawi-cholera-flash-appeal-2023-february-june-2023,202,OK,,1.0,
MWI,19,Blantyre district cholera outbreak cases deaths district health office,https://www.who.int/emergencies/disease-outbreak-news/item/2022-DON435,200,OK,,1.03,
MWI,2,Fight against cholera outbreak efforts and challenges in Malawi - PMC,https://www.ncbi.nlm.nih.gov/pmc/articles/PMC10551271/,200,OK,https://pmc.ncbi.nlm.nih.gov/articles/PMC10551271/,1.98,
MWI,20,Nkhotakota district cholera outbreak Central Region Lake Malawi shore,https://www.unicef.org/media/133776/file/Malawi-FlashUpdate-23-January-2023.pdf,403,FORBIDDEN,,0.97,
MWI,21,Cholera-free period validation 1976-1987 Malawi surveillance WHO academic,https://wwwnc.cdc.gov/eid/article/31/6/24-0930_article,200,OK,https://wwwnc.cdc.gov/eid/404.html?aspxerrorpath=/eid/article/31/6/24-0930_article,2.05,
MWI,22,Malawi cholera 2005 outbreak report Reuters,https://reliefweb.int/report/malawi/cholera-outbreak-malawi-kills-one,202,OK,,1.01,
MWI,23,Practical field epidemiology cholera outbreak Mozambican refugee camp Malawi 1988 PubMed,https://pubmed.ncbi.nlm.nih.gov/1995929/,200,OK,,0.36,
MWI,24,WHO AFRO Malawi cholera surveillance 2024 Ministry Health,https://www.afro.who.int/countries/malawi/news/malawi-contains-cholera-outbreak,200,OK,,0.44,
MWI,25,Field Evaluation Cholkit Rapid Diagnostic Test Malawi 2018 PMC,https://pmc.ncbi.nlm.nih.gov/articles/PMC7676503/,200,OK,,0.35,
MWI,26,Oral cholera vaccine campaign Malawi 2017-2018 outbreak,https://www.ncbi.nlm.nih.gov/pmc/articles/PMC5996210/,200,OK,https://pmc.ncbi.nlm.nih.gov/articles/PMC5996210/,1.69,
MWI,3,Cholera outbreaks in Malawi in 1998-2012 - PubMed,https://pubmed.ncbi.nlm.nih.gov/24916870/,200,OK,,0.52,
MWI,4,Feasibility and acceptability of oral cholera vaccine mass vaccination campaign in response to an outbreak and floods in Malawi - PMC,https://www.ncbi.nlm.nih.gov/pmc/articles/PMC4907756/,200,OK,https://pmc.ncbi.nlm.nih.gov/articles/PMC4907756/,1.35,
MWI,5,Cholera outbreak in districts around Lake Chilwa Malawi - PMC,https://pmc.ncbi.nlm.nih.gov/articles/PMC3588220/,200,OK,,0.98,
MWI,6,Feasibility and acceptability of oral cholera vaccine mass vaccination campaign in response to an outbreak and floods in Malawi - PMC,https://www.ncbi.nlm.nih.gov/pmc/articles/PMC4907756/,200,OK,https://pmc.ncbi.nlm.nih.gov/articles/PMC4907756/,1.98,
MWI,7,Cholera outbreak in districts around Lake Chilwa Malawi Lessons learned - PubMed,https://pubmed.ncbi.nlm.nih.gov/23638267/,200,OK,,1.26,
MWI,8,Fight against cholera outbreak efforts and challenges in Malawi PMC10551271,https://pmc.ncbi.nlm.nih.gov/articles/PMC10551271/,200,OK,,0.97,
MWI,9,UNICEF WHO cholera emergency response Malawi cases deaths intervention,https://www.unicef.org/malawi/press-releases/unicef-and-who-step-efforts-contain-cholera-malawi,403,FORBIDDEN,,0.98,
NAM,1,PMC Namibia Cholera Outbreak Isolates 2006-2007,https://pmc.ncbi.nlm.nih.gov/articles/PMC2870929/,200,OK,,0.34,
NAM,10,Xinhua Namibia Declares End to Cholera Malaria Outbreaks August 2025,https://english.news.cn/africa/20250814/df9174663dbf44be8df899234abd553f/c.html,200,OK,,2.14,
NAM,11,Xinhua Namibia Second Cholera Outbreak November 2025,https://english.news.cn/20251128/c08c366329364cec994eb2248a514f8a/c.html,200,OK,,2.14,
NAM,12,New Era Live Grootfontein Cholera 22 Confirmed Cases,https://neweralive.na/grootfontein-grapples-with-cholera-22-confirmed-cases-more-suspected/,200,OK,,6.19,
NAM,13,Wikipedia 2008 Namibia Floods Cholera Data,https://en.wikipedia.org/wiki/2008_Namibia_floods,200,OK,,1.57,
NAM,14,WHO AFRO Namibia Early Action Review for Cholera 2025,https://www.afro.who.int/countries/namibia/news/namibia-conducts-its-first-early-action-review-cholera,200,OK,,0.45,
NAM,15,AllAfrica Namibia WHO Cholera Validation Workshop March 2025,https://allafrica.com/stories/202503130047.html,403,FORBIDDEN,,1.0,
NAM,2,ReliefWeb Namibia Cholera 2013-2014 Outbreak Disaster Page,https://reliefweb.int/disaster/ep-2014-000025-nam,202,OK,,0.32,
NAM,3,ReliefWeb UNICEF Namibia Cholera Outbreak Report January 2014,https://reliefweb.int/report/namibia/unicef-namibia-cholera-outbreak-report-1-14-january-2014,202,OK,,1.0,
NAM,4,ReliefWeb Namibia Cholera Kunene Region Map January 2014,https://reliefweb.int/map/namibia/namibia-cholera-outbreak-kunene-region-10-january-2014,202,OK,,1.03,
NAM,5,ReliefWeb Namibia Cholera Situation 12 January 2014,https://reliefweb.int/report/namibia/namibia-cholera-situation-12-january-2014,202,OK,,0.32,
NAM,6,ReliefWeb Namibia Cholera Outbreak in North 2008,https://reliefweb.int/report/namibia/namibia-cholera-outbreak-north,202,OK,,0.33,
NAM,7,ReliefWeb Cholera Outbreak Windhoek 2018,https://reliefweb.int/report/namibia/cholera-outbreak-windhoek,202,OK,,1.0,
NAM,8,ECDC Cholera Monthly Overview 2025,https://www.ecdc.europa.eu/en/all-topics-z/cholera/surveillance-and-disease-data/cholera-monthly,200,OK,,1.81,
NAM,9,The Namibian Newspaper - First Cholera Case 2025,https://www.namibian.com.na/health-ministry-confirms-first-cholera-case-in-namibia-in-10-years/,200,OK,,1.68,
NER,1,WHO Disease Outbreak News Niger 2018,https://www.who.int/emergencies/disease-outbreak-news,200,OK,,1.07,
NER,10,OCHA Niger Situation Report 2021,https://www.unocha.org/niger,202,OK,,1.02,
NER,11,Niger Ministry of Health IDSR Reports,https://www.sante.gouvne.org/les-directions-nationales/direction-de-la-surveillance-et-de-la-reposte-aux-epidemies/,200,OK,https://www.thekingdomofpineal.org/chapter4-4-4,6.93,
NER,12,WHO SURGE Niger 2022 Deployment,https://www.who.int/about/accountability/results/who-results-report-2020-mtr/country-story/2022/first-deployment-of-the-surge-team-in-niger-in-response-to-the-cholera-epidemic,200,OK,,0.38,
NER,13,Lake Chad Basin Cholera Cross-Border Study,https://www.ncbi.nlm.nih.gov/pmc/,200,OK,https://pmc.ncbi.nlm.nih.gov/,2.2,
NER,14,Niger 2014 Outbreak WHO Documentation,https://www.who.int/emergencies/disease-outbreak-news,200,OK,,0.39,
NER,15,Niger 2015 Minimal Transmission Documentation,https://pubmed.ncbi.nlm.nih.gov/,200,OK,,0.39,
NER,16,Dosso Region Gaya District 2018 Report,https://reliefweb.int/country/ner,202,OK,,0.34,
NER,17,Zinder Damagaram Takaya 2018 Surveillance,https://reliefweb.int/country/ner,202,OK,,1.11,
NER,18,Diffa Region Surveillance 2021,https://reliefweb.int/country/ner,202,OK,,1.07,
NER,19,Niger 2014 Major Outbreak Academic,https://pubmed.ncbi.nlm.nih.gov/,200,OK,,0.39,
NER,2,Niger National Surveillance 2003-2015 (PubMed),https://pubmed.ncbi.nlm.nih.gov/,200,OK,,1.02,
NER,20,WHO Disease Outbreak News Niger 1998,https://www.who.int/emergencies/disease-outbreak-news,200,OK,,0.38,
NER,21,Niger 2009 Cholera-Free Academic Validation,https://pubmed.ncbi.nlm.nih.gov/,200,OK,,0.46,
NER,22,Niger IDSR Evaluation 2016-2017,https://pubmed.ncbi.nlm.nih.gov/,200,OK,,0.43,
NER,23,Nigeria 2020-2021 Cross-Border Validation,https://www.afro.who.int/health-topics/cholera,200,OK,,1.67,
NER,24,WHO Africa Cholera Surveillance 2023,https://www.afro.who.int/health-topics/cholera,200,OK,,1.69,
NER,25,Madarounfa Post-WASH Zero New Cases,https://www.ncbi.nlm.nih.gov/pmc/,200,OK,https://pmc.ncbi.nlm.nih.gov/,0.83,
NER,26,Niger Red Cross Cholera Emergency MDRNE014,https://www.ifrc.org/,403,FORBIDDEN,,0.99,
NER,3,WHO AFRO Cholera Bulletin Niger 2021,https://www.afro.who.int/health-topics/cholera,200,OK,,0.43,
NER,4,ReliefWeb Niger Cholera 2021,https://reliefweb.int/country/ner,202,OK,,1.03,
NER,5,Madarounfa WASH Intervention Study (PMC),https://www.ncbi.nlm.nih.gov/pmc/,200,OK,https://pmc.ncbi.nlm.nih.gov/,2.14,
NER,6,Maradi Regional Surveillance Study,https://pubmed.ncbi.nlm.nih.gov/,200,OK,,1.12,
NER,7,WHO Disease Outbreak News Niger 2024,https://www.who.int/emergencies/disease-outbreak-news,200,OK,,0.37,
NER,8,CERMES Laboratory Network Niger,https://www.cermes.org/,200,OK,,1.28,
NER,9,UNICEF Niger Cholera Response 2018,https://www.unicef.org/niger/,403,FORBIDDEN,,0.99,
NGA,1,WHO AFRO Borno Cholera Outbreak Over,https://www.afro.who.int/countries/nigeria/news/borno-4-month-cholera-outbreak-over,200,OK,,1.35,
NGA,10,MSF Borno Cholera Response,https://www.doctorswithoutborders.org/latest/nigeria-cholera-outbreak-borno-state,200,OK,,0.95,
NGA,11,Descriptive Epidemiology 2018 Outbreak,https://bmcpublichealth.biomedcentral.com/articles/10.1186/s12889-019-7559-6,200,OK,https://link.springer.com/article/10.1186/s12889-019-7559-6,2.3,
NGA,12,UCH Ibadan Historical Outbreak,https://pubmed.ncbi.nlm.nih.gov/10414378/,200,OK,,1.25,
NGA,13,Nigeria 1991 Epidemic Historical Data,https://pmc.ncbi.nlm.nih.gov/articles/PMC11412826/,200,OK,,0.34,
NGA,14,Nigeria 1999 Multi-State Outbreak,https://link.springer.com/article/10.1186/s41043-025-01096-7,200,OK,,1.3,
NGA,15,Katsina 1982 Historical Outbreak,https://pmc.ncbi.nlm.nih.gov/articles/PMC12136869/,200,OK,,0.34,
NGA,16,Bauchi 2019 State Surveillance,https://www.frontiersin.org/journals/public-health/articles/10.3389/fpubh.2024.1464361/full,200,OK,,1.79,
NGA,17,Muna Garage IDP Camp Outbreak,https://reliefweb.int,202,OK,https://reliefweb.int/,0.33,
NGA,18,Cross River 2022-2023 Outbreak,https://www.afro.who.int/countries/nigeria/news/who-supports-cross-river-state-combat-cholera-outbreak,200,OK,,1.29,
NGA,19,Plateau State Surveillance,https://reliefweb.int/report/nigeria/ncdc-cholera-situation-report-weekly-epidemiological-report-15-epi-week-38-20,202,OK,,0.33,
NGA,2,WHO Disease Outbreak News Nigeria,https://www.who.int/emergencies/disease-outbreak-news/item/2001_11_27-en,200,OK,,0.37,
NGA,20,Zamfara State Outbreak,https://reliefweb.int/report/nigeria/ncdc-cholera-situation-report-monthly-epidemiological-report-12-epi-week-48-52-27-november-2023-31-december-2023,202,OK,,0.99,
NGA,3,WHO AFRO Nigeria Surveillance,https://www.afro.who.int,200,OK,https://www.afro.who.int/,1.27,
NGA,4,Frontiers Cholera Outbreak Trends Nigeria,https://www.frontiersin.org/journals/public-health/articles/10.3389/fpubh.2024.1464361/full,200,OK,,2.09,
NGA,5,Cholera Five-Decade Review Nigeria,https://pmc.ncbi.nlm.nih.gov/articles/PMC12482021/,200,OK,,0.33,
NGA,6,BMC Public Health 2010 Outbreak Characterization,https://bmcpublichealth.biomedcentral.com/articles/10.1186/1471-2458-14-1167,200,OK,https://link.springer.com/article/10.1186/1471-2458-14-1167,2.32,
NGA,7,NCDC Cholera Situation Reports,https://ncdc.gov.ng/diseases/sitreps/?cat=7&name=An+update+of+Cholera+outbreak+in+Nigeria,,CONNECTION_ERROR,,,"HTTPSConnectionPool(host='ncdc.gov.ng', port=443): Max retries exceeded with url: /diseases/sitreps/?cat=7&name=An+updat"
NGA,8,Federal Ministry of Health Nigeria,https://www.health.gov.ng,200,OK,https://health.gov.ng/,4.43,
NGA,9,Borno State Ministry of Health Sitrep,https://reliefweb.int/report/nigeria/borno-state-ministry-health-cholera-outbreak-situation-report-no-21-20th-january-2022,202,OK,,1.01,
RWA,1,WHO Disease Outbreak News 1998 Great Lakes Cholera,https://www.who.int/emergencies/disease-outbreak-news/item/1998_10_22c-en,200,OK,,1.06,
RWA,10,WHO AFRO Monthly Regional Cholera Bulletin December 2024,https://www.afro.who.int/publications/monthly-regional-cholera-bulletin-december-2024,200,OK,,0.42,
RWA,11,WHO Disease Outbreak News 1996 Rwanda Repatriation Movement,https://www.who.int/emergencies/disease-outbreak-news/item/1996_11_28c-en,200,OK,,0.37,
RWA,2,ReliefWeb Rwanda Cholera Outbreak 2005-2006,https://reliefweb.int/report/rwanda/cholera-outbreak-claims-10-lives-rwanda,202,OK,,0.33,
RWA,3,PMC Article Addressing Recurrent Cholera Outbreaks Africa 2025,https://pmc.ncbi.nlm.nih.gov/articles/PMC12592695/,200,OK,,0.35,
RWA,4,WHO AFRO Multi-country Cholera Outbreak Situation Report July 2025,https://www.who.int/docs/default-source/coronaviruse/situation-reports/20250724_multi-country_outbreak-of-cholera_sitrep_28.pdf,200,OK,,1.04,
RWA,5,ECDC Cholera Monthly Overview 2026,https://www.ecdc.europa.eu/en/all-topics-z/cholera/surveillance-and-disease-data/cholera-monthly,200,OK,,1.28,
RWA,6,Rwanda Biomedical Centre Community Assessment on Water Hygiene and Cholera,https://www.rbc.gov.rw/fileadmin/user_upload/community_assessment_cholera_executive_summary-2.pdf,200,OK,,2.34,
RWA,7,Dynamics of Cholera Great Lakes Region 1978-2008 CDC EID,https://wwwnc.cdc.gov/eid/article/17/11/11-0170_article,200,OK,https://wwwnc.cdc.gov/eid/404.html?aspxerrorpath=/eid/article/17/11/11-0170_article,1.95,
RWA,8,WHO Multi-country Cholera Epidemiological Update February 2026,https://www.who.int/publications/m/item/multi-country-outbreak-of-cholera--epidemiological-update--34--21-february-2026,200,OK,,1.06,
RWA,9,New York Center for Travel Medicine Rwanda Cholera Alert March 2026,https://www.travelhealth.net/rwanda-cholera-in-western-province_2026_march/,200,OK,,1.95,
SEN,1,WHO DON Senegal Cholera Nov 2004,https://www.who.int/emergencies/disease-outbreak-news/item/2004_11_02-en,200,OK,,0.37,
SEN,10,WHO 1996 Global Cholera Update,https://www.who.int/emergencies/disease-outbreak-news/item/1996_01_22a-en,200,OK,,0.36,
SEN,11,PubMed 1345081 Fann Hospital 10-year Vibrio Surveillance,https://pubmed.ncbi.nlm.nih.gov/1345081/,200,OK,,1.18,
SEN,12,PLOS NTD 0006379 Dynamics Benin Mauritania,https://journals.plos.org/plosntds/article?id=10.1371/journal.pntd.0006379,200,OK,,1.02,
SEN,13,PMC2802446 Water Woes Touba Senegal,https://pmc.ncbi.nlm.nih.gov/articles/PMC2802446/,200,OK,,0.34,
SEN,14,Garenne Fontaine 2024 Cholera Niakhar 1985-1989,https://hal.science/hal-04745176v1/document,200,OK,,1.33,
SEN,15,WHO DON 1996 Cholera Africa Feb 1996,https://www.who.int/emergencies/disease-outbreak-news/item/1996_02_15-en,200,OK,,0.35,
SEN,16,ReliefWeb IFRC Senegal Cholera Apr 2005,https://reliefweb.int/disaster/ep-2005-000059-sen,202,OK,,0.32,
SEN,17,PMC1246118 West Africa Cholera Outbreaks 2005,https://pmc.ncbi.nlm.nih.gov/articles/PMC1246118/,200,OK,,0.35,
SEN,18,WHO AFRO Regional Cholera Bulletins 2024-2025,https://www.afro.who.int/publications/weekly-regional-cholera-bulletin-4-march-2024,200,OK,,0.44,
SEN,19,PMC11214138 Saint-Louis Vibrionaceae Investigation 2013-2016,https://pmc.ncbi.nlm.nih.gov/articles/PMC11214138/,200,OK,,0.34,
SEN,2,WHO DON Senegal Cholera Mar 2005,https://www.who.int/emergencies/disease-outbreak-news/item/2005_03_29-en,200,OK,,0.36,
SEN,20,PMC5430043 Atypical El Tor Senegal 2004-2010,https://pmc.ncbi.nlm.nih.gov/articles/PMC5430043/,200,OK,,1.05,
SEN,3,WHO DON Senegal Cholera Update 6,https://www.who.int/emergencies/disease-outbreak-news/item/2005_07_08a-en,200,OK,,0.35,
SEN,4,WHO DON Senegal Cholera Update 7,https://www.who.int/emergencies/disease-outbreak-news/item/2005_07_15-en,200,OK,,1.04,
SEN,5,PLOS One PMC3432123 Climate Cholera Senegal 2005,https://pmc.ncbi.nlm.nih.gov/articles/PMC3432123/,200,OK,,0.34,
SEN,6,PubMed 16615613 Dakar 2004 Epidemic Clinical,https://pubmed.ncbi.nlm.nih.gov/16615613/,200,OK,,1.2,
SEN,7,PubMed 19639824 Senegal 2004-2006 Lessons Learned,https://pubmed.ncbi.nlm.nih.gov/19639824/,200,OK,,1.24,
SEN,8,IFRC DREF MDRSN001 Senegal Cholera 2007,https://reliefweb.int/report/senegal/senegal-cholera-dref-bulletin-no-mdrsn001,202,OK,,0.32,
SEN,9,IRD Editions Le cholera au Senegal regulier,https://books.openedition.org/irdeditions/31547?lang=en,200,OK,,1.27,
SLE,1,WHO Disease Outbreak News - Cholera in Sierra Leone 22 August 2012,https://www.who.int/emergencies/disease-outbreak-news/item/2012_08_22-en,200,OK,,0.37,
SLE,10,PMC Academic Study - Sierra Leone Cholera Outbreak Epidemiology and Risk Factors,https://pmc.ncbi.nlm.nih.gov/articles/PMC3945698/,200,OK,,0.37,
SLE,11,Kanu JS et al. - Sierra Leone Cholera Surveillance Post-Ebola Strengthening,https://www.ncbi.nlm.nih.gov/pmc/articles/post-ebola-surveillance,404,NOT_FOUND,https://pmc.ncbi.nlm.nih.gov/articles/post-ebola-surveillance,1.38,
SLE,12,ReliefWeb Disaster Report - Sierra Leone Cholera 2012 Final Situation Report,https://reliefweb.int/report/sierra-leone/cholera-final-2012,202,OK,,0.32,
SLE,13,WHO Cholera Surveillance Report - Sierra Leone Post-Outbreak Period,https://www.who.int/emergencies/surveillance/cholera-cases-and-deaths,200,OK,,0.35,
SLE,14,Sierra Leone Civil War Health System Analysis - Academic Documentation,https://www.ncbi.nlm.nih.gov/pmc/articles/civil-war-health,404,NOT_FOUND,https://pmc.ncbi.nlm.nih.gov/articles/civil-war-health,0.67,
SLE,15,Sierra Leone OCV Campaign Documentation - First-Ever Cholera Vaccination 2017,https://www.gavi.org/sierra-leone-to-begin-cholera-vaccination-drive-in-disaster-affected-areas,200,OK,,1.51,
SLE,16,WHO West Africa Cholera Regional Surveillance Update 2012,https://www.afro.who.int/news/un-agencies-warn-cholera-epidemic-spreading-west-africa,200,OK,,0.87,
SLE,17,Sierra Leone Ministry of Health - Annual Surveillance Reports 2020-2024,https://mohs.gov.sl/,200,OK,,3.22,
SLE,18,Historical Cholera Pandemic Literature - Seventh Pandemic Africa,https://www.who.int/news-room/fact-sheets/detail/cholera,200,OK,,0.38,
SLE,19,Sierra Leone Cross-Border Cholera Transmission - Guinea Border Analysis,https://www.afro.who.int/news/sierra-leone-guinea-concludes-cross-border-meeting-cholera-prevention-control,200,OK,,0.71,
SLE,2,WHO AFRO Weekly Bulletin on Outbreaks and Other Emergencies - Sierra Leone Cholera 2012,https://www.afro.who.int/health-topics/cholera,200,OK,,1.56,
SLE,20,WHO IDSR Sierra Leone Implementation Report,https://www.afro.who.int/health-topics/integrated-disease-surveillance,200,OK,,1.34,
SLE,21,Wikipedia - 2012 Cholera Outbreak in Sierra Leone,https://en.wikipedia.org/wiki/2012_Sierra_Leonean_cholera_outbreak,200,OK,,1.62,
SLE,22,European Commission Humanitarian Aid Sierra Leone Cholera 2012,https://civil-protection-humanitarian-aid.ec.europa.eu/index_en,200,OK,,2.39,
SLE,3,Nguyen VD et al. PLOS Currents Outbreaks - Cholera epidemic associated with consumption of unsafe drinking water and street-vended water Sierra Leone 2012,https://www.ncbi.nlm.nih.gov/pmc/articles/PMC4055609/,200,OK,https://pmc.ncbi.nlm.nih.gov/articles/PMC4055609/,1.38,
SLE,4,UNICEF Sierra Leone Cholera Response Report 2012,https://www.unicef.org/sierraleone/cholera-response,403,FORBIDDEN,,1.05,
SLE,5,ReliefWeb - Sierra Leone Cholera Outbreak Situation Report 2012,https://reliefweb.int/disaster/ep-2012-000142-sle,202,OK,,0.32,
SLE,6,WHO Weekly Epidemiological Record - Sierra Leone Cholera Surveillance,https://www.who.int/publications/journals/weekly-epidemiological-record,200,OK,,0.39,
SLE,7,Government of Sierra Leone Ministry of Health and Sanitation - Cholera Preparedness Plan 2013-2017,https://mohs.gov.sl/,200,OK,,3.14,
SLE,8,Sack DA et al. Lancet - Cholera 2004,https://www.thelancet.com/journals/lancet/article/PIIS0140-6736(03)15328-7/abstract,403,FORBIDDEN,,1.11,
SLE,9,WHO Disease Outbreak News - Cholera in Sierra Leone Multiple Reports 2012,https://www.who.int/emergencies/disease-outbreak-news,200,OK,,0.35,
SOM,1,WHO Disease Outbreak News 2022,https://www.who.int/emergencies/disease-outbreak-news/item/2022-DON398_1,200,OK,,0.37,
SOM,10,WHO EMRO 2012 Epidemic Reference,https://www.emro.who.int/pandemic-epidemic-diseases/news/elnino-cholera-somalia.html,200,OK,,2.68,
SOM,11,WHO EMRO Journal 2020 Data,https://www.emro.who.int/emhj-volume-29-2023/volume-29-issue-9/responding-to-cholera-outbreaks-in-somalia-in-20172019.html,200,OK,,2.49,
SOM,12,UN OCHA 2023 Reports,https://reliefweb.int/report/somalia/cholera-cases-rise-somalia-amid-rising-displacement-people,202,OK,,0.32,
SOM,13,WHO EMRO Bay Region Study,https://www.emro.who.int/emhj-volume-29-2023/volume-29-issue-9/responding-to-cholera-outbreaks-in-somalia-in-20172019.html,200,OK,,1.17,
SOM,14,UN Somalia Famine Analysis,https://news.un.org/en/story/2013/05/438682,200,OK,,0.97,
SOM,15,UNICEF Malnutrition Study,https://www.unicef.org/press-releases/famine-looms-malnutrition-and-disease-rise-sharply-among-children-somalia,403,FORBIDDEN,,1.0,
SOM,16,WHO Disease Outbreak News 1997,https://www.who.int/emergencies/disease-outbreak-news/item/1997_04_15a-en,200,OK,,0.35,
SOM,17,UNDRO Somalia Cholera 1985,https://reliefweb.int/report/somalia/somalia-cholera-epidemic-apr-1985-undro-situation-reports-1-7,202,OK,,0.33,
SOM,18,PubMed Horn of Africa 1985-1986,https://pubmed.ncbi.nlm.nih.gov/7485686/,200,OK,,1.3,
SOM,19,WHO EMRO 2016 Outbreak Report,https://www.emro.who.int/surveillance-forecasting-response/surveillance-infocus/infectious-disease-outbreaks-reported-in-the-eastern-mediterranean-region-in-2016.html,200,OK,,1.14,
SOM,2,WHO EMRO Journal 2023,https://www.emro.who.int/emhj-volume-29-2023/volume-29-issue-9/responding-to-cholera-outbreaks-in-somalia-in-20172019.html,200,OK,,2.73,
SOM,20,ECDC Cholera Surveillance 2024,https://www.ecdc.europa.eu/en/all-topics-z/cholera/surveillance-and-disease-data/cholera-monthly,200,OK,,1.33,
SOM,21,WHO EMRO Somaliland 2007,https://reliefweb.int/report/somalia/somalia-acute-watery-diarrhoea-update-somaliland-13-jul-2007,202,OK,,0.33,
SOM,22,WHO Banadir Hospital 2011,https://www.emro.who.int/press-releases/2011/un-declares-famine-in-somalia.html,200,OK,,1.1,
SOM,23,ECDC Cholera Surveillance 2025,https://www.ecdc.europa.eu/en/all-topics-z/cholera/surveillance-and-disease-data/cholera-monthly,200,OK,,1.31,
SOM,3,WHO EMRO News 2022,https://www.emro.who.int/somalia/news/cholera-cases-on-the-rise-in-somalia-amid-rising-displacement-of-people.html,200,OK,,2.39,
SOM,4,ReliefWeb Cholera Report,https://reliefweb.int/report/somalia/cholera-cases-rise-somalia-amid-rising-displacement-people,202,OK,,0.35,
SOM,5,WHO EMRO February 2017,https://www.emro.who.int/pandemic-epidemic-diseases/cholera/cholera-situation-in-somalia-february-2017.html,200,OK,,2.51,
SOM,6,WHO EMRO October 2017,https://www.emro.who.int/pandemic-epidemic-diseases/cholera/outbreak-update-cholera-in-somalia-26-october-2017.html,200,OK,,2.4,
SOM,7,OCHA Flash Update 2024,https://www.unocha.org/publications/report/somalia/somalia-2024-awdcholera-outbreak-flash-update-no2-24-march-2024,202,OK,,1.01,
SOM,8,WHO Weekly June 2017,https://www.emro.who.int/pandemic-epidemic-diseases/cholera/weekly-update-cholera-in-somalia-10-june-2017.html,200,OK,,2.43,
SOM,9,WHO Weekly April 2017,https://www.emro.who.int/pandemic-epidemic-diseases/cholera/weekly-update-cholera-in-somalia-23-april-2017.html,200,OK,,2.48,
SSD,1,CDC MMWR Southern Sudan Cholera 2007,https://www.cdc.gov/mmwr/preview/mmwrhtml/mm5813a3.htm,200,OK,,1.31,
SSD,10,UN News South Sudan Longest Cholera Outbreak 2025,https://news.un.org/en/story/2025/07/1165348,200,OK,,1.03,
SSD,11,MSF Doctors Without Borders Southern Sudan 2006,https://www.doctorswithoutborders.org/latest/doctors-without-borders-responding-severe-cholera-outbreak-southern-sudan,200,OK,,0.98,
SSD,12,ReliefWeb South Sudan Cholera Outbreak 2022,https://reliefweb.int/disaster/ep-2022-000236-ssd,202,OK,,0.32,
SSD,13,BMC Infectious Diseases Tonj 2017,https://bmcinfectdis.biomedcentral.com/articles/10.1186/s12879-018-3640-5,200,OK,https://link.springer.com/article/10.1186/s12879-018-3640-5,2.35,
SSD,14,WHO AFRO South Sudan Cholera Sitrep 2023,https://www.afro.who.int/countries/south-sudan/publication/south-sudan-cholera-outbreak-situation-report-2023,200,OK,,1.28,
SSD,15,WHO Multi-country Cholera Sitrep Feb 2025,https://www.who.int/docs/default-source/coronaviruse/situation-reports/20250210_multi-country_outbreak-of-cholera_sitrep--23.pdf,200,OK,,0.38,
SSD,16,PMC Integrated Disease Surveillance South Sudan,https://pmc.ncbi.nlm.nih.gov/articles/PMC9474851/,200,OK,,0.34,
SSD,17,ETDH Case Study South Sudan Stopped Cholera 2024,https://etdh.resolvetosavelives.org/case-studies/how-south-sudan-stopped-a-cholera-outbreak-with-no-reported-deaths/,200,OK,https://etdh.resolvetosavelives.org/2026/how-south-sudan-stopped-a-cholera-outbreak-with-no-reported-deaths/,1.6,
SSD,18,UNICEF South Sudan Cholera Flash Update No 3 December 2024,https://www.unicef.org/documents/south-sudan-cholera-flash-update-no-3-22-december-2024,403,FORBIDDEN,,0.95,
SSD,19,UNICEF In-depth Cholera Epidemiological Report South Sudan April 2018,https://plateformecholera.info/sites/default/files/2022-11/Cholera%20epidemiology%20in%20South%20Sudan_UNICEF_April%202018_FINAL_0.pdf,200,OK,https://plateformecholera.info/trainings/,2.3,
SSD,2,PMC Cholera outbreak highlights poor health services southern Sudan,https://pmc.ncbi.nlm.nih.gov/articles/PMC1397785/,200,OK,,1.0,
SSD,3,PMC Cholera Epidemic South Sudan Uganda 2018,https://pmc.ncbi.nlm.nih.gov/articles/PMC5938777/,200,OK,,0.97,
SSD,4,PMC Successive Epidemic Waves Cholera South Sudan 2014-2017,https://pmc.ncbi.nlm.nih.gov/articles/PMC7750463/,200,OK,,0.97,
SSD,5,CDC EID Risk Factors Cholera Juba 2014,https://wwwnc.cdc.gov/eid/article/21/10/14-2051_article,200,OK,https://wwwnc.cdc.gov/eid/404.html?aspxerrorpath=/eid/article/21/10/14-2051_article,2.09,
SSD,6,PMC Tonj East Tonj North Cholera 2017,https://pmc.ncbi.nlm.nih.gov/articles/PMC6318988/,200,OK,,1.0,
SSD,7,WHO AFRO South Sudan Declares End Longest Cholera Outbreak,https://www.afro.who.int/news/south-sudan-declares-end-its-longest-cholera-outbreak-0,200,OK,,1.6,
SSD,8,WHO AFRO Aiming Zero Cholera South Sudan,https://www.who.int/about/accountability/results/who-results-report-2020-mtr/country-story/2022/aiming-for-zero-cholera-in-south-sudan,200,OK,,0.37,
SSD,9,WHO AFRO Managing Explosive Cholera Outbreak South Sudan 2024,https://www.afro.who.int/countries/south-sudan/news/managing-explosive-cholera-outbreak-south-sudan,200,OK,,1.29,
SWZ,1,WHO AFRO Weekly Regional Cholera Bulletin April 5 2023,https://www.afro.who.int/publications/cholera-who-african-region-weekly-regional-cholera-bulletin-29-march-2023-cloned,200,OK,,1.26,
SWZ,2,WHO Multi-Country Cholera Situation Report 2 May 2023,https://www.who.int/publications/m/item/multi-country-outbreak-of-cholera--external-situation-report--2---15-may-2023,200,OK,,0.36,
SWZ,3,Africa CDC Weekly Event Based Surveillance Report July 2023,https://africacdc.org/download/africa-cdc-weekly-event-based-surveillance-report-july-2023/,,CONNECTION_ERROR,,,"HTTPSConnectionPool(host='africacdc.org', port=443): Max retries exceeded with url: /download/africa-cdc-weekly-event-ba"
SWZ,4,WHO AFRO Weekly Regional Cholera Bulletin February 5 2024,https://www.afro.who.int/countries/democratic-republic-of-congo/publication/weekly-regional-cholera-bulletin-5-february-2024,200,OK,,0.46,
SWZ,5,UNICEF Swaziland Humanitarian Situation Report 4 September 2017,https://reliefweb.int/report/swaziland/unicef-swaziland-humanitarian-situation-report-4-september-2017,202,OK,,1.01,
SWZ,6,CDC MMWR International Notes Cholera 1981,https://www.cdc.gov/mmwr/preview/mmwrhtml/00001155.htm,200,OK,,0.96,
SWZ,7,WHO AFRO Weekly Regional Cholera Bulletin April 2023 - Eswatini Outbreak Context,https://www.afro.who.int/countries/malawi/publication/cholera-who-african-region-weekly-regional-cholera-bulletin-18-april-2023,200,OK,,0.43,
SWZ,8,WHO Infectious Disease Outbreaks African Region 2018 Epidemiology and Infection,https://www.cambridge.org/core/journals/epidemiology-and-infection/article/infectious-disease-outbreaks-in-the-african-region-overview-of-events-reported-to-the-world-health-organization-in-2018/A504999B25CBA5E179B951FABB8CFE53,200,OK,,1.63,
TCD,1,WHO Disease Outbreak News 2001 Chad Update 3,https://www.who.int/emergencies/disease-outbreak-news/item/2001_08_22-en,200,OK,,0.35,
TCD,10,ReliefWeb Chad 2017 Sila Outbreak,https://reliefweb.int/report/chad/chad-cholera-outbreak-sila-region-2017,202,OK,,0.33,
TCD,11,ReliefWeb Chad Mongo Hospital 2011,https://reliefweb.int/report/chad/chad-cholera-mongo-regional-hospital-2011,202,OK,,1.02,
TCD,12,Red Cross Chad Salamat 2017,https://reliefweb.int/report/chad/chad-red-cross-salamat-cholera-response-2017,202,OK,,0.32,
TCD,2,WHO Disease Outbreak News 2001 Chad,https://www.who.int/emergencies/disease-outbreak-news/item/2001_07_26a-en,200,OK,,0.34,
TCD,3,WHO Disease Outbreak News 2004 Chad Mozambique Zambia,https://www.who.int/emergencies/disease-outbreak-news/item/2004_01_28-en,200,OK,,0.35,
TCD,4,WHO Disease Outbreak News 2010 Central Africa Cholera,https://www.who.int/emergencies/disease-outbreak-news/item/2010_10_08-en,200,OK,,0.4,
TCD,5,ReliefWeb Chad Cholera Outbreak Final Report,https://reliefweb.int/report/chad/chad-cholera-outbreak-emergency-appeal-final-report,202,OK,,0.35,
TCD,6,UNICEF Chad Cholera 2011,https://www.unicef.org/appeals/chad_humanitarian_2011.html,403,FORBIDDEN,,0.99,
TCD,7,Academic Cholera Chad 2010 Lake Chad Basin,https://pubmed.ncbi.nlm.nih.gov/24037177/,200,OK,,1.29,
TCD,8,UNICEF Chad 2019 Humanitarian Report,https://www.unicef.org/appeals/chad,403,FORBIDDEN,,1.07,
TCD,9,ReliefWeb Chad Cholera 2006,https://reliefweb.int/report/chad/chad-cholera-outbreak-2006,202,OK,,1.04,
TGO,1,WHO Disease Outbreak News - Togo Cholera 2020,https://www.who.int/emergencies/disease-outbreak-news/item/cholera-togo,200,OK,,0.5,
TGO,10,TogoFirst Health Coverage,https://www.togofirst.com/,200,OK,https://www.togofirst.com/?Itemid=,2.18,
TGO,11,Lacs District 2021 Cross-Border Outbreak Report (Togo MoH),https://sante.gouv.tg/,200,OK,https://sante-assurances.gouv.tg/,2.26,
TGO,2,WHO AFRO Weekly Bulletin on Outbreaks,https://www.afro.who.int/health-topics/disease-outbreaks/outbreaks-and-other-emergencies-updates,200,OK,,0.45,
TGO,3,Lessons Learned from the 2003-2004 Lome Cholera Epidemic (AJOL),https://www.ajol.info/index.php/jrsul,200,OK,,1.76,
TGO,4,Africhol Consortium Proceedings (BMC Proceedings 2017),https://bmcproc.biomedcentral.com/articles/10.1186/s12919-016-0068-z,200,OK,https://link.springer.com/article/10.1186/s12919-016-0068-z,2.29,
TGO,5,National Cholera Surveillance Togo 1996-2010 Review,https://pubmed.ncbi.nlm.nih.gov/,200,OK,,1.09,
TGO,6,Oxford Academic - West Africa Cholera Surveillance Analysis,https://academic.oup.com/,403,FORBIDDEN,,1.05,
TGO,7,ECDC Communicable Disease Threats Report - Togo,https://www.ecdc.europa.eu/en/cholera/surveillance-and-disease-data,200,OK,,1.48,
TGO,8,IFRC ReliefWeb Togo Cholera DREF,https://reliefweb.int/country/tgo,202,OK,,0.34,
TGO,9,Outbreak News Today - Togo Cholera Coverage,http://outbreaknewstoday.com/,200,OK,https://outbreaknewstoday.com/,2.47,
TZA,1,CDC Emerging Infectious Diseases - Cholera Outbreak Southern Tanzania 2001,https://wwwnc.cdc.gov/eid/article/7/7/01-7741_article,200,OK,https://wwwnc.cdc.gov/eid/404.html?aspxerrorpath=/eid/article/7/7/01-7741_article,2.13,
TZA,10,PMC - Towards Cholera Elimination in Zanzibar (PMC10395108),https://pmc.ncbi.nlm.nih.gov/articles/PMC10395108/,200,OK,,0.32,
TZA,11,Oxford Academic JID - Epidemiology of Cholera in Zanzibar (PMC6188561),https://academic.oup.com/jid/article/218/suppl_3/S173/5102381,403,FORBIDDEN,,1.01,
TZA,2,PMC Spatial Distribution Mwanza City Tanzania (PMC10022096),https://pmc.ncbi.nlm.nih.gov/articles/PMC10022096/,200,OK,,1.03,
TZA,3,JIEPH - Mtwara Region Cholera Outbreak Response 2024,https://afenet-journal.org/responding-to-cholera-outbreak-in-the-mtwara-region-tanzania-lessons-learned-effective-strategies-and-scalable-recommendations-for-broader-impact/,200,OK,,1.71,
TZA,4,WHO AFRO - Cholera Outbreak Response United Republic of Tanzania,https://www.afro.who.int/news/cholera-outbreak-response-united-republic-tanzania,200,OK,,1.27,
TZA,5,WHO UNICEF ESA Regional Cholera Bulletin April 2019,https://reliefweb.int/report/mozambique/bulletin-cholera-and-awd-outbreaks-eastern-and-southern-africa-regional-update,202,OK,,1.0,
TZA,6,IFRC DREF MDRTZ031 Emergency Plan - Tanzania Cholera 2022,https://reliefweb.int/report/united-republic-tanzania/tanzania-cholera-outbreak-emergency-plan-action-epoa-dref-ndeg-mdrtz031,202,OK,,0.99,
TZA,7,Tanzania Ministry of Health 2022 Edition Report,https://www.moh.go.tz/storage/app/uploads/public/677/be0/2c8/677be02c88d8a451323386.pdf,200,OK,,2.47,
TZA,8,WHO Multi-Country Cholera Outbreak Sitrep 17 August 2024,https://www.who.int/docs/default-source/coronaviruse/situation-reports/20240815_multi-country_outbreak-of-cholera_sitrep_17.pdf,200,OK,,1.04,
TZA,9,ECDC Communicable Disease Threats Report Week 12 2025,https://www.ecdc.europa.eu/sites/default/files/documents/Communicable-disease-threats-report-week-12-2025.pdf,200,OK,,1.31,
UGA,1,Burden of Cholera in Uganda (Wamala et al. 2013 PLOS NTD),https://pmc.ncbi.nlm.nih.gov/articles/PMC3855006/,200,OK,,0.95,
UGA,10,WHO AFRO Monthly Cholera Bulletin February 2025,https://www.afro.who.int/publications/monthly-regional-cholera-bulletin-february-2025,200,OK,,1.53,
UGA,11,Cholera Fishing Villages Uganda 2011-2015 PLOS NTD (Nkoko et al. 2017),https://pmc.ncbi.nlm.nih.gov/articles/PMC5370135/,200,OK,,0.33,
UGA,12,Kyangwali Refugee Cholera Outbreak 2018 (Isabirye et al. 2020 PMC),https://pmc.ncbi.nlm.nih.gov/articles/PMC7640409/,200,OK,,0.35,
UGA,13,Refugee Settlements Cholera Uganda 2016-2019 (AJTMH 2021),https://pmc.ncbi.nlm.nih.gov/articles/PMC8045616/,200,OK,,0.33,
UGA,14,Kasese District Cholera 2015 BMC PH (Lukwago et al. 2017),https://pmc.ncbi.nlm.nih.gov/articles/PMC5516304/,200,OK,,0.34,
UGA,15,Kasese Katwe Village Cholera 2015 PMC (Oguttu et al. 2018),https://pmc.ncbi.nlm.nih.gov/articles/PMC6021037/,200,OK,,0.33,
UGA,16,Kampala Cholera Outbreak January 2019 BMC ID (Tumwesigye et al. 2022),https://pubmed.ncbi.nlm.nih.gov/34961483/,200,OK,,0.94,
UGA,17,Bududa District Cholera 2019 African Health Sciences (Mwoga et al. 2024),https://pmc.ncbi.nlm.nih.gov/articles/PMC11225440/,200,OK,,0.35,
UGA,18,Uganda Cholera El Nino 2002-2003 PubMed (Nsubuga et al. 2006),https://pubmed.ncbi.nlm.nih.gov/16916299/,200,OK,,1.25,
UGA,19,Cholera Surveillance Uganda 2007-2011 JID (Bwire et al. 2013),https://academic.oup.com/jid/article/208/suppl_1/S78/833490,403,FORBIDDEN,,1.02,
UGA,2,Uganda Cholera Elimination Scorecard (Bwire et al. 2023 AJTMH),https://pmc.ncbi.nlm.nih.gov/articles/PMC10160876/,200,OK,,0.34,
UGA,20,Uganda Cholera Hotspots 2011-2016 PLOS NTD (Pande et al. 2018),https://journals.plos.org/plosntds/article?id=10.1371/journal.pntd.0006118,200,OK,,0.37,
UGA,21,UNIPH V. cholerae Isolates Uganda 2014-2023,https://uniph.go.ug/trends-and-distribution-of-vibrio-cholerae-isolates-at-the-national-microbiology-reference-laboratory-ministry-of-health-uganda-2014-2023/,200,OK,,2.46,
UGA,22,Kaiso Village Hoima Cholera October 2015 IDP Journal (Ario et al. 2017),https://pmc.ncbi.nlm.nih.gov/articles/PMC5634859/,200,OK,,0.36,
UGA,23,Kasese District Cholera 2017-2018 BMC PH (Kusiima et al. 2019),https://bmcpublichealth.biomedcentral.com/articles/10.1186/s12889-019-7798-6,200,OK,https://link.springer.com/article/10.1186/s12889-019-7798-6,2.31,
UGA,24,Bulambuli District Cholera March 2016 PMC (Ayebazibwe et al. 2019),https://pmc.ncbi.nlm.nih.gov/articles/PMC6558808/,200,OK,,0.34,
UGA,25,Nakivale Refugee Settlement Cholera 2021 PLOS GPH (Mugisha et al. 2025),https://pmc.ncbi.nlm.nih.gov/articles/PMC11793826/,200,OK,,0.34,
UGA,26,Kampala Mbale Cholera 3CS Strategy 2015-2016 PMC (Kisia et al. 2021),https://pmc.ncbi.nlm.nih.gov/articles/PMC8464210/,200,OK,,0.35,
UGA,27,ReliefWeb Uganda Cholera Outbreak Report July 2018,https://reliefweb.int/disaster/ep-2018-000021-uga,202,OK,,1.0,
UGA,28,ReliefWeb Uganda Cholera April 2013 Hoima Nebbi Buliisa,https://reliefweb.int/disaster/ep-2013-000058-uga,202,OK,,1.0,
UGA,29,Butabika Hospital Nosocomial Cholera 2008 AJTMH (Kayiwa et al. 2015),https://pmc.ncbi.nlm.nih.gov/articles/PMC4559692/,200,OK,,0.34,
UGA,3,Cholera COVID-19 Uganda Vaccine Survey (Bwire et al. 2023 BMC ID),https://pmc.ncbi.nlm.nih.gov/articles/PMC10362646/,200,OK,,0.99,
UGA,30,Uganda Cholera Elimination Journey SSRN (Bwire et al. 2025),https://papers.ssrn.com/sol3/Delivery.cfm/bb3dc900-9065-4ef1-809b-3b96598b3ec2-MECA.pdf?abstractid=5852157&mirid=1,403,FORBIDDEN,,1.03,
UGA,4,Cholera Moroto District Uganda 2020 PLOS GPH (Okori et al. 2022),https://journals.plos.org/globalpublichealth/article?id=10.1371/journal.pgph.0000590,200,OK,,1.32,
UGA,5,Kampala Cholera Outbreak Epidemiology (Nsubuga et al. 2003 EAMJ),https://pubmed.ncbi.nlm.nih.gov/12862150/,200,OK,,1.26,
UGA,6,Uganda-South Sudan Cholera Cross-Border 2014 (Legros et al. 2018 PMC),https://pmc.ncbi.nlm.nih.gov/articles/PMC5938777/,200,OK,,0.34,
UGA,7,UNIPH Kayunga Cholera Outbreak June-August 2023,https://uniph.go.ug/cholera-outbreak-associated-with-drinking-contaminated-river-water-in-kayunga-district-uganda-june-august-2023/,200,OK,,2.45,
UGA,8,UNIPH Namayingo Cholera Outbreak July-August 2023,https://uniph.go.ug/cholera-outbreak-associated-with-drinking-contaminated-lake-shore-water-namayingo-district-uganda-july-august-2023/,200,OK,,2.32,
UGA,9,Elegu Border Cholera Outbreak January 2024 BMC PH (Musewa et al. 2024),https://pmc.ncbi.nlm.nih.gov/articles/PMC11616103/,200,OK,,0.35,
ZAF,1,WHO AFRO Cholera Outbreak After-Action Review ZAF 2023,https://www.afro.who.int/countries/south-africa/news/cholera-outbreak-response-and-after-action-review,200,OK,,0.44,
ZAF,10,WHO Disease Outbreak News Cholera South Africa 2001 Update 16,https://www.who.int/emergencies/disease-outbreak-news/item/2001_02_23-en,200,OK,,1.03,
ZAF,11,WHO Disease Outbreak News Cholera South Africa 2001 Update 17,https://www.who.int/emergencies/disease-outbreak-news/item/2001_03_05-en,200,OK,,1.05,
ZAF,12,PMC Cholera KwaZulu-Natal 2001 BMJ,https://pmc.ncbi.nlm.nih.gov/articles/PMC1119381/,200,OK,,0.36,
ZAF,13,WHO Disease Outbreak News Cholera South Africa 2003,https://www.who.int/emergencies/disease-outbreak-news/item/2003_05_23a-en,200,OK,,0.37,
ZAF,14,WHO Disease Outbreak News Cholera Africa 2004 South Africa Mpumalanga,https://www.who.int/emergencies/disease-outbreak-news/item/2004_02_18a-en,200,OK,,0.39,
ZAF,15,PMC Ga-Mampuru Limpopo Cholera 2008-2009 Knowledge Attitudes,https://pmc.ncbi.nlm.nih.gov/articles/PMC6014007/,200,OK,,0.35,
ZAF,16,WHO AFRO Monthly Regional Cholera Bulletin April 2025,https://www.afro.who.int/publications/monthly-regional-cholera-bulletin-april-2025,200,OK,,0.43,
ZAF,17,Municipal Services Project Cholera KwaZulu-Natal 2000-2001,https://www.environmentandurbanization.org/still-paying-price-revisiting-cholera-epidemic-2000-2001-south-africa,200,OK,,1.25,
ZAF,18,ReliefWeb Cholera Death Toll SA 2023,https://reliefweb.int/report/south-africa/cholera-death-toll-sa-rises-43,202,OK,,0.33,
ZAF,19,PMC Lab Contamination V.cholerae O1 ZAF 2011,https://pmc.ncbi.nlm.nih.gov/articles/PMC3264189/,200,OK,,0.35,
ZAF,2,WHO AFRO Rapid Response Ends Cholera Outbreak ZAF 2023,https://www.afro.who.int/countries/south-africa/news/rapid-response-ends-cholera-outbreak,200,OK,,1.28,
ZAF,20,CDC EID Vibrio cholerae ST75 South Africa 2018-2020 PMC,https://pmc.ncbi.nlm.nih.gov/articles/PMC8544974/,200,OK,,0.35,
ZAF,21,Wikipedia 2023-2024 cholera outbreak in South Africa,https://en.wikipedia.org/wiki/2023%E2%80%942024_cholera_outbreak_in_South_Africa,200,OK,,1.58,
ZAF,22,PubMed Cholera Epidemic ZAF 1980-1987 Epidemiological Features,https://pubmed.ncbi.nlm.nih.gov/2024209/,200,OK,,1.17,
ZAF,23,HST South Africa Health Review Chapter 18 ZAF Cholera,https://www.hst.org.za/publications/South%20African%20Health%20Reviews/24%20-%20Chapter%2018.pdf,200,OK,https://www.hst.org.za/publications,2.45,
ZAF,24,SA Government Mpumalanga Health Cholera Update Feb 2009,https://www.gov.za/news/mpumalanga-health-cholera-update-12-feb-2009,200,OK,,0.62,
ZAF,25,ASM Journal Clinical Microbiology Mpumalanga Cholera 2008 Gold Mine,https://journals.asm.org/doi/10.1128/jcm.00293-11,403,FORBIDDEN,,1.05,
ZAF,26,SAnews Another Imported Cholera Case SA July 2023,https://www.sanews.gov.za/south-africa/another-imported-cholera-case-reported-sa,200,OK,,2.05,
ZAF,27,Citizen Cholera Outbreak uThungulu KwaZulu-Natal 2000-2002,https://www.citizen.org/wp-content/uploads/cholera.pdf,200,OK,,1.01,
ZAF,28,North West Health Confirms Cholera Rustenburg April 2025,https://newsnote.co.za/north-west-health-confirms-a-case-of-cholera-in-rustenburg/,200,OK,,2.22,
ZAF,29,Historical ZAF Cholera First Case 1973 Academic Literature,https://jamba.org.za/index.php/jamba/article/view/164/431,200,OK,,2.25,
ZAF,3,SA Government Health Update Cholera Outbreak June 2023,https://www.gov.za/speeches/health-update-response-cholera-outbreak-south-africa-8-jun-2023-0000,200,OK,https://www.gov.za/news/media-statements/health-update-response-cholera-outbreak-south-africa-08-jun-2023,2.33,
ZAF,30,HST South Africa Health Review Annual Epidemic Data 1980-1987,https://www.hst.org.za/publications/South%20African%20Health%20Reviews/24%20-%20Chapter%2018.pdf,200,OK,https://www.hst.org.za/publications,1.81,
ZAF,31,NICD March 2009 Cholera Update South Africa,https://www.nicd.ac.za/assets/files/NICDCommMar09Vol08_03.pdf,,SSL_ERROR,,,"HTTPSConnectionPool(host='www.nicd.ac.za', port=443): Max retries exceeded with url: /assets/files/NICDCommMar09Vol08_03"
ZAF,4,CDC Emerging Infectious Diseases Imported Cholera South Africa 2023,https://wwwnc.cdc.gov/eid/article/29/8/23-0750_article,200,OK,https://wwwnc.cdc.gov/eid/404.html?aspxerrorpath=/eid/article/29/8/23-0750_article,2.19,
ZAF,5,WHO AFRO Swift Response Imported Cholera Limpopo 2024,https://www.afro.who.int/countries/south-africa/news/who-south-africas-swift-response-imported-cholera-cases-limpopo-province,200,OK,,0.41,
ZAF,6,TimesLive South Africa Cholera Cases February 2024,https://www.timeslive.co.za/news/south-africa/2024-02-05-cholera-on-the-rise-with-46-suspected-five-lab-confirmed-cases/,200,OK,,1.7,
ZAF,7,CDC EID Emergence Vibrio cholerae ST75 South Africa 2018-2020,https://wwwnc.cdc.gov/eid/article/27/11/21-1144_article,200,OK,https://wwwnc.cdc.gov/eid/404.html?aspxerrorpath=/eid/article/27/11/21-1144_article,2.05,
ZAF,8,WHO Disease Outbreak News Cholera South Africa 2000 Update 8,https://www.who.int/emergencies/disease-outbreak-news/item/2000_12_06-en,200,OK,,1.05,
ZAF,9,WHO Disease Outbreak News Cholera South Africa 2001 Update 13,https://www.who.int/emergencies/disease-outbreak-news/item/2001_01_26-en,200,OK,,1.07,
ZMB,1,Xinhua Zambia Cholera 96 Cases January 2025,https://english.news.cn/africa/20250130/18c3387eff024909bf278c3f7ca4ab80/c.html,200,OK,,2.42,
ZMB,10,Zambia MoH Press Statement Cholera Mpox December 2024,https://www.moh.gov.zm/?p=4152,,SSL_ERROR,,,"HTTPSConnectionPool(host='www.moh.gov.zm', port=443): Max retries exceeded with url: /?p=4152 (Caused by SSLError(SSLCer"
ZMB,11,Reliefweb Zambia Cholera Oct 2023 Disaster,https://reliefweb.int/disaster/ep-2024-000002-zmb,202,OK,,0.99,
ZMB,12,Zambia Cholera 2023 First Wave Vubwi January,https://www.lusakatimes.com/2023/01/27/cholera-breaks-out-in-zambia-kills-one-in-vubwi/,200,OK,,3.19,
ZMB,13,Xinhua Zambia Cholera 1110 Cases March 2026,https://english.news.cn/africa/20260304/746d7d9661004ed8b69ecf1177c78163/c.html,200,OK,,2.25,
ZMB,14,WHO Zambia Eastern Province Response 2023,https://zambia.un.org/en/221020-who-zambia-releases-usd285000-support-cholera-response-eastern-province,200,OK,,2.06,
ZMB,15,Chienge Cholera Outbreak Luapula Province 2023,https://www.sciencedirect.com/science/article/pii/S1201971224005083,403,FORBIDDEN,,1.39,
ZMB,16,CIDRZ Monze Southern Province 2025 Cholera,https://www.cidrz.org/2026/02/05/cidrz-supports-southern-province-epidemic-preparedness-prevention-control-and-management-committee-meeting-in-monze-district/,200,OK,,1.58,
ZMB,17,PMC Zambia Cholera 2025 Challenges Academic Review,https://pmc.ncbi.nlm.nih.gov/articles/PMC12036021/,200,OK,,0.34,
ZMB,18,Zambia Cholera Kabwe April 2025 WHO Assessment,https://reliefweb.int/report/zambia/who-zambia-launches-cholera-assessment-mission-central-province-amid-growing-outbreak,202,OK,,0.32,
ZMB,19,Africa CDC Weekly Event-Based Surveillance July 2023,https://africacdc.org/download/africa-cdc-weekly-event-based-surveillance-report-july-2023/,,CONNECTION_ERROR,,,"HTTPSConnectionPool(host='africacdc.org', port=443): Max retries exceeded with url: /download/africa-cdc-weekly-event-ba"
ZMB,2,Xinhua Zambia Declares End of Cholera Outbreak July 2025,https://english.news.cn/africa/20250704/4f46aacb241a4174bebc55313a3a3ad6/c.html,200,OK,,2.24,
ZMB,3,Zambia Monitor 1186 Cases August 2025 Outbreak,https://www.zambiamonitor.com/zambia-reports-1186-cholera-cases-20-deaths-since-august-2025-outbreak/,200,OK,,1.37,
ZMB,4,News Diggers MOH 639 Cases January 2026,https://diggers.news/local/2026/01/17/moh-records-639-cholera-cases-10-deaths/,200,OK,,1.72,
ZMB,5,Africa CDC Copperbelt Cholera Response 2025,https://allafrica.com/stories/202503100024.html,200,OK,,1.05,
ZMB,6,News Diggers Mpulungu September 2025 Cholera,https://diggers.news/local/2025/09/07/cholera-hits-northern-as-mpulungu-district-records-29-cases/,200,OK,,1.59,
ZMB,7,IWA Publishing Zambia Cholera History Narrative Review,https://iwaponline.com/jwh/article/22/12/2257/105780/Zambia-s-battle-against-cholera-outbreaks-and-the,403,FORBIDDEN,,0.95,
ZMB,8,PMC Cholera Resurges Zambia 2025 Challenges,https://pmc.ncbi.nlm.nih.gov/articles/PMC12036021/,200,OK,,0.97,
ZMB,9,PLOS One Rapid Progression Zambia 2023-2024 Cholera,https://journals.plos.org/plosone/article?id=10.1371/journal.pone.0330969,200,OK,,1.22,
ZWE,1,CDC MMWR Epidemic Cholera Zimbabwe 1992-1993,https://www.cdc.gov/mmwr/preview/mmwrhtml/00020745.htm,200,OK,,1.02,
ZWE,10,Epidemiological Features Cholera Zimbabwe Transactions RSTMH,https://academic.oup.com/trstmh/article-abstract/90/4/378/1864864,403,FORBIDDEN,,1.07,
ZWE,11,Review 2008-2009 and 2018-2019 Cholera Zimbabwe ClinMedJournals,https://clinmedjournals.org/articles/jide/journal-of-infectious-diseases-and-epidemiology-jide-8-269.php?jid=jide,307,REDIRECT,,1.0,
ZWE,12,WHO AFRO Monthly Cholera Bulletin January 2025,https://www.afro.who.int/publications/monthly-regional-cholera-bulletin-january-2025,200,OK,,1.28,
ZWE,2,Estimating Reproductive Numbers Zimbabwe Cholera PNAS PMC3102413,https://pmc.ncbi.nlm.nih.gov/articles/PMC3102413/,200,OK,,0.35,
ZWE,3,Cholera Epidemic Zimbabwe 2008-2009 Review PMC5739374,https://pmc.ncbi.nlm.nih.gov/articles/PMC5739374/,200,OK,,0.33,
ZWE,4,Cholera Outbreaks Zimbabwe IntechOpen Book Chapter,https://www.intechopen.com/chapters/62751,200,OK,,1.64,
ZWE,5,Zimbabwe Declares Cholera Outbreak Over WHO AFRO,https://www.afro.who.int/countries/zimbabwe/news/zimbabwe-declares-cholera-outbreak-over,200,OK,,1.61,
ZWE,6,Perspective 2023 Cholera Outbreaks Zimbabwe PMC11043271,https://pmc.ncbi.nlm.nih.gov/articles/PMC11043271/,200,OK,,0.94,
ZWE,7,Descriptive Epidemiology Zimbabwe Cholera 2018-2019 PMC9887696,https://pmc.ncbi.nlm.nih.gov/articles/PMC9887696/,200,OK,,0.33,
ZWE,8,Zimbabwe Cholera 2025 New Outbreak Xinhua,https://english.news.cn/africa/20250114/5cc05d6adc7b4c2989cc8c0b528f764f/c.html,200,OK,,0.96,
ZWE,9,MSF Why Cholera Rise Zimbabwe 2022-2023,https://www.doctorswithoutborders.org/latest/why-cholera-rise-zimbabwe,200,OK,,0.96,
