Location,TL,TR,evidence,source_index,source,confidence_weight,processing_notes,source_database,moved_from_row
AFR::KEN,1992-01-01,1992-12-31,presence_confirmed_count_unknown,6,Kenya 1992 Cholera Epidemic,0.85,Source states: '1992 epidemic that claimed thousands of victims in Kenya' - interpreted as major national outbreak in gap year 1992,AI,7
AFR::KEN::Rift-Valley::Turkana,1971-01-01,1971-12-31,presence_confirmed_count_unknown,7,Kenya 1971 First Cholera Introduction,0.9,Source states: 'first reported in Kenya in 1971 in Turkana District' - interpreted as first documented cholera case in Kenya addressing 1970 gap,AI,8
AFR::KEN,2008-01-01,2008-12-31,presence_confirmed_count_unknown,9,Kenya 2008 Post-Election Violence Outbreak,0.85,Source states: 'case-fatality ratio increased from 5.5% to 11.4%' during civil unrest - interpreted as crisis-related outbreak with elevated mortality,AI,10
AFR::KEN,2012-01-01,2012-12-31,presence_confirmed_count_unknown,10,Kenya 2012 Horn of Africa Drought Outbreak,0.75,Source states: 'drought-related cholera outbreaks in Africa spanned from 1974 to 2012' including Kenya - interpreted as drought-related outbreak addressing 2012-2013 gap,AI,11
AFR::KEN,1997-01-01,2014-12-31,presence_confirmed_count_unknown,12,Kenya Seasonal Cholera Patterns Analysis,0.85,Source states: seasonal patterns and rainfall relationships from 1997-2014 period - interpreted as validation of ongoing transmission during surveillance periods,AI,13
AFR::KEN::Coast::Tana_River,2016-10-10,2017-04-30,presence_confirmed_count_unknown,17,Kenya Tana River County 2016-2017 Outbreak,0.85,Source states: 'The outbreak in Tana River County started on 10 October 2016 and was controlled by April 2017' - interpreted as county-level outbreak timing,AI,18
AFR::KEN,1988-01-01,1988-12-31,presence_confirmed_count_unknown,32,"Mwaura et al. 2017, Virulence factors in environmental and clinical Vibrio cholerae from endemic areas in Kenya",0.8,"Source states: 'From 1974 to 1989, outbreaks were reported every year with an average case fatality rate of 3.6%.' - cholera confirmed present; no case count available.",AI,
AFR::KEN::Rift-Valley::Turkana::Turkana_West,2025-11-15,2025-11-22,presence_confirmed_count_unknown,41,"SOS Medias Burundi, Cholera outbreak in Kakuma refugee camp (22 November 2025)",0.4,"Source states: 'More than fifty cases of cholera have been recorded in just a few days in the sprawling Kakuma camp and its extension, Kalobeyei. The Village I hospital there already has more than fifteen cases, according to a local source.' - cholera confirmed present; no case count available. [AGENT 5 LOCATION NORMALISATION: code changed from 'AFR::KEN::Turkana::Turkana_West' to 'AFR::KEN::Rift-Valley::Turkana::Turkana_West' to match the canonical AFR::KEN::<Province>::<County> form now used throughout ./data/KEN/cholera_data_ai.csv; no evidence changed.]",AI,
AFR::KEN,1990-01-01,1990-12-31,presence_confirmed_count_unknown,44,"Bundi et al. 2019, Characterization of Vibrio cholerae O1 isolates responsible for cholera outbreaks in Kenya between 1975 and 2017",0.7,Source states: 'Wave 2 involved T6 event which was introduced in the continent between 1986 and 1989 and occurred in Kenya between 1990 and 1999. Wave 3 was associated with T10 event which was introduced in Africa during 1991-1995 and transmitted in Kenya between 1990 and 2014.' - cholera confirmed present; no case count available.,AI,
AFR::KEN,1991-01-01,1991-12-31,presence_confirmed_count_unknown,44,"Bundi et al. 2019, Characterization of Vibrio cholerae O1 isolates responsible for cholera outbreaks in Kenya between 1975 and 2017",0.7,Source states: 'Wave 2 involved T6 event which was introduced in the continent between 1986 and 1989 and occurred in Kenya between 1990 and 1999. Wave 3 was associated with T10 event which was introduced in Africa during 1991-1995 and transmitted in Kenya between 1990 and 2014.' - cholera confirmed present; no case count available.,AI,
AFR::KEN,1993-01-01,1993-12-31,presence_confirmed_count_unknown,44,"Bundi et al. 2019, Characterization of Vibrio cholerae O1 isolates responsible for cholera outbreaks in Kenya between 1975 and 2017",0.7,Source states: 'Wave 2 involved T6 event which was introduced in the continent between 1986 and 1989 and occurred in Kenya between 1990 and 1999. Wave 3 was associated with T10 event which was introduced in Africa during 1991-1995 and transmitted in Kenya between 1990 and 2014.' - cholera confirmed present; no case count available.,AI,
AFR::KEN::Nyanza::Migori,1997-06-25,1997-10-28,presence_confirmed_count_unknown,50,"WHO Weekly Epidemiological Record, Cholera in Kenya, 1997 (WER no. 45, 1997)",0.9,"Source states: 'The first case in the current outbreak was detected on 25 June 1997 in Migori District, Nyatike Division, and then spread to Rachuonyo, Suba, Homa Bay and Kisumu Districts (Nyanza Province).' - cholera confirmed present; no case count available.",AI,
AFR::KEN::Nyanza::Rachuonyo,1997-06-25,1997-10-28,presence_confirmed_count_unknown,50,"WHO Weekly Epidemiological Record, Cholera in Kenya, 1997 (WER no. 45, 1997)",0.9,"Source states: 'The first case in the current outbreak was detected on 25 June 1997 in Migori District, Nyatike Division, and then spread to Rachuonyo, Suba, Homa Bay and Kisumu Districts (Nyanza Province).' - cholera confirmed present; no case count available.",AI,
AFR::KEN::Nyanza::Suba,1997-06-25,1997-10-28,presence_confirmed_count_unknown,50,"WHO Weekly Epidemiological Record, Cholera in Kenya, 1997 (WER no. 45, 1997)",0.9,"Source states: 'The first case in the current outbreak was detected on 25 June 1997 in Migori District, Nyatike Division, and then spread to Rachuonyo, Suba, Homa Bay and Kisumu Districts (Nyanza Province).' - cholera confirmed present; no case count available.",AI,
AFR::KEN::Nyanza::Homa_Bay,1997-06-25,1997-10-28,presence_confirmed_count_unknown,50,"WHO Weekly Epidemiological Record, Cholera in Kenya, 1997 (WER no. 45, 1997)",0.9,"Source states: 'The first case in the current outbreak was detected on 25 June 1997 in Migori District, Nyatike Division, and then spread to Rachuonyo, Suba, Homa Bay and Kisumu Districts (Nyanza Province).' - cholera confirmed present; no case count available.",AI,
AFR::KEN::Nyanza::Kisumu,1997-06-25,1997-10-28,presence_confirmed_count_unknown,50,"WHO Weekly Epidemiological Record, Cholera in Kenya, 1997 (WER no. 45, 1997)",0.9,"Source states: 'The first case in the current outbreak was detected on 25 June 1997 in Migori District, Nyatike Division, and then spread to Rachuonyo, Suba, Homa Bay and Kisumu Districts (Nyanza Province).' - cholera confirmed present; no case count available.",AI,
AFR::KEN::North-Eastern::Garissa,2022-10-16,2023-01-08,presence_confirmed_count_unknown,52,"WHO AFRO Weekly Bulletin on Outbreaks and Other Emergencies, Week 4, 16-22 January 2023",0.9,"Source states: 'The ongoing cholera outbreak has affected now 14 counties: Garissa, Homa Bay, Kiambu, Kajiado, Kitui , Machakos, Meru, Murang'a, Nairobi, Nakuru, Nyeri, Tana River, UasinGishu and Wajir.' - cholera confirmed present; no case count available.",AI,
AFR::KEN::Nyanza::Homa_Bay,2022-10-16,2023-01-08,presence_confirmed_count_unknown,52,"WHO AFRO Weekly Bulletin on Outbreaks and Other Emergencies, Week 4, 16-22 January 2023",0.9,"Source states: 'The ongoing cholera outbreak has affected now 14 counties: Garissa, Homa Bay, Kiambu, Kajiado, Kitui , Machakos, Meru, Murang'a, Nairobi, Nakuru, Nyeri, Tana River, UasinGishu and Wajir.' - cholera confirmed present; no case count available.",AI,
AFR::KEN::Central::Kiambu,2022-10-16,2023-01-08,presence_confirmed_count_unknown,52,"WHO AFRO Weekly Bulletin on Outbreaks and Other Emergencies, Week 4, 16-22 January 2023",0.9,"Source states: 'The ongoing cholera outbreak has affected now 14 counties: Garissa, Homa Bay, Kiambu, Kajiado, Kitui , Machakos, Meru, Murang'a, Nairobi, Nakuru, Nyeri, Tana River, UasinGishu and Wajir.' - cholera confirmed present; no case count available.",AI,
AFR::KEN::Rift-Valley::Kajiado,2022-10-16,2023-01-08,presence_confirmed_count_unknown,52,"WHO AFRO Weekly Bulletin on Outbreaks and Other Emergencies, Week 4, 16-22 January 2023",0.9,"Source states: 'The ongoing cholera outbreak has affected now 14 counties: Garissa, Homa Bay, Kiambu, Kajiado, Kitui , Machakos, Meru, Murang'a, Nairobi, Nakuru, Nyeri, Tana River, UasinGishu and Wajir.' - cholera confirmed present; no case count available.",AI,
AFR::KEN::Eastern::Kitui,2022-10-16,2023-01-08,presence_confirmed_count_unknown,52,"WHO AFRO Weekly Bulletin on Outbreaks and Other Emergencies, Week 4, 16-22 January 2023",0.9,"Source states: 'The ongoing cholera outbreak has affected now 14 counties: Garissa, Homa Bay, Kiambu, Kajiado, Kitui , Machakos, Meru, Murang'a, Nairobi, Nakuru, Nyeri, Tana River, UasinGishu and Wajir.' - cholera confirmed present; no case count available.",AI,
AFR::KEN::Eastern::Machakos,2022-10-16,2023-01-08,presence_confirmed_count_unknown,52,"WHO AFRO Weekly Bulletin on Outbreaks and Other Emergencies, Week 4, 16-22 January 2023",0.9,"Source states: 'The ongoing cholera outbreak has affected now 14 counties: Garissa, Homa Bay, Kiambu, Kajiado, Kitui , Machakos, Meru, Murang'a, Nairobi, Nakuru, Nyeri, Tana River, UasinGishu and Wajir.' - cholera confirmed present; no case count available.",AI,
AFR::KEN::Eastern::Meru,2022-10-16,2023-01-08,presence_confirmed_count_unknown,52,"WHO AFRO Weekly Bulletin on Outbreaks and Other Emergencies, Week 4, 16-22 January 2023",0.9,"Source states: 'The ongoing cholera outbreak has affected now 14 counties: Garissa, Homa Bay, Kiambu, Kajiado, Kitui , Machakos, Meru, Murang'a, Nairobi, Nakuru, Nyeri, Tana River, UasinGishu and Wajir.' - cholera confirmed present; no case count available.",AI,
AFR::KEN::Central::Muranga,2022-10-16,2023-01-08,presence_confirmed_count_unknown,52,"WHO AFRO Weekly Bulletin on Outbreaks and Other Emergencies, Week 4, 16-22 January 2023",0.9,"Source states: 'The ongoing cholera outbreak has affected now 14 counties: Garissa, Homa Bay, Kiambu, Kajiado, Kitui , Machakos, Meru, Murang'a, Nairobi, Nakuru, Nyeri, Tana River, UasinGishu and Wajir.' - cholera confirmed present; no case count available.",AI,
AFR::KEN::Nairobi,2022-10-16,2023-01-08,presence_confirmed_count_unknown,52,"WHO AFRO Weekly Bulletin on Outbreaks and Other Emergencies, Week 4, 16-22 January 2023",0.9,"Source states: 'The ongoing cholera outbreak has affected now 14 counties: Garissa, Homa Bay, Kiambu, Kajiado, Kitui , Machakos, Meru, Murang'a, Nairobi, Nakuru, Nyeri, Tana River, UasinGishu and Wajir.' - cholera confirmed present; no case count available.",AI,
AFR::KEN::Rift-Valley::Nakuru,2022-10-16,2023-01-08,presence_confirmed_count_unknown,52,"WHO AFRO Weekly Bulletin on Outbreaks and Other Emergencies, Week 4, 16-22 January 2023",0.9,"Source states: 'The ongoing cholera outbreak has affected now 14 counties: Garissa, Homa Bay, Kiambu, Kajiado, Kitui , Machakos, Meru, Murang'a, Nairobi, Nakuru, Nyeri, Tana River, UasinGishu and Wajir.' - cholera confirmed present; no case count available.",AI,
AFR::KEN::Central::Nyeri,2022-10-16,2023-01-08,presence_confirmed_count_unknown,52,"WHO AFRO Weekly Bulletin on Outbreaks and Other Emergencies, Week 4, 16-22 January 2023",0.9,"Source states: 'The ongoing cholera outbreak has affected now 14 counties: Garissa, Homa Bay, Kiambu, Kajiado, Kitui , Machakos, Meru, Murang'a, Nairobi, Nakuru, Nyeri, Tana River, UasinGishu and Wajir.' - cholera confirmed present; no case count available.",AI,
AFR::KEN::Coast::Tana_River,2022-10-16,2023-01-08,presence_confirmed_count_unknown,52,"WHO AFRO Weekly Bulletin on Outbreaks and Other Emergencies, Week 4, 16-22 January 2023",0.9,"Source states: 'The ongoing cholera outbreak has affected now 14 counties: Garissa, Homa Bay, Kiambu, Kajiado, Kitui , Machakos, Meru, Murang'a, Nairobi, Nakuru, Nyeri, Tana River, UasinGishu and Wajir.' - cholera confirmed present; no case count available.",AI,
AFR::KEN::Rift-Valley::Uasin_Gishu,2022-10-16,2023-01-08,presence_confirmed_count_unknown,52,"WHO AFRO Weekly Bulletin on Outbreaks and Other Emergencies, Week 4, 16-22 January 2023",0.9,"Source states: 'The ongoing cholera outbreak has affected now 14 counties: Garissa, Homa Bay, Kiambu, Kajiado, Kitui , Machakos, Meru, Murang'a, Nairobi, Nakuru, Nyeri, Tana River, UasinGishu and Wajir.' - cholera confirmed present; no case count available.",AI,
AFR::KEN::North-Eastern::Wajir,2022-10-16,2023-01-08,presence_confirmed_count_unknown,52,"WHO AFRO Weekly Bulletin on Outbreaks and Other Emergencies, Week 4, 16-22 January 2023",0.9,"Source states: 'The ongoing cholera outbreak has affected now 14 counties: Garissa, Homa Bay, Kiambu, Kajiado, Kitui , Machakos, Meru, Murang'a, Nairobi, Nakuru, Nyeri, Tana River, UasinGishu and Wajir.' - cholera confirmed present; no case count available.",AI,
AFR::KEN::Eastern::Embu,2019-01-02,2019-12-22,presence_confirmed_count_unknown,57,"WHO AFRO Weekly Bulletin on Outbreaks and Other Emergencies, Week 52, 23-29 December 2019",0.9,"Source states: 'Since January 2019, twelve of the 47 Counties of Kenya reported cholera cases, namely: Embu, Garissa, Kajiado, Kisumu, Machakos, Makueni, Mandera, Mombasa, Nairobi, Narok, Turkana and Wajir Counties. The outbreak remains active in four counties: Garissa, Mandera, Turkana and Kirinyaga.' - cholera confirmed present; no case count available.",AI,
AFR::KEN::North-Eastern::Garissa,2019-01-02,2019-12-22,presence_confirmed_count_unknown,57,"WHO AFRO Weekly Bulletin on Outbreaks and Other Emergencies, Week 52, 23-29 December 2019",0.9,"Source states: 'Since January 2019, twelve of the 47 Counties of Kenya reported cholera cases, namely: Embu, Garissa, Kajiado, Kisumu, Machakos, Makueni, Mandera, Mombasa, Nairobi, Narok, Turkana and Wajir Counties. The outbreak remains active in four counties: Garissa, Mandera, Turkana and Kirinyaga.' - cholera confirmed present; no case count available.",AI,
AFR::KEN::Rift-Valley::Kajiado,2019-01-02,2019-12-22,presence_confirmed_count_unknown,57,"WHO AFRO Weekly Bulletin on Outbreaks and Other Emergencies, Week 52, 23-29 December 2019",0.9,"Source states: 'Since January 2019, twelve of the 47 Counties of Kenya reported cholera cases, namely: Embu, Garissa, Kajiado, Kisumu, Machakos, Makueni, Mandera, Mombasa, Nairobi, Narok, Turkana and Wajir Counties. The outbreak remains active in four counties: Garissa, Mandera, Turkana and Kirinyaga.' - cholera confirmed present; no case count available.",AI,
AFR::KEN::Nyanza::Kisumu,2019-01-02,2019-12-22,presence_confirmed_count_unknown,57,"WHO AFRO Weekly Bulletin on Outbreaks and Other Emergencies, Week 52, 23-29 December 2019",0.9,"Source states: 'Since January 2019, twelve of the 47 Counties of Kenya reported cholera cases, namely: Embu, Garissa, Kajiado, Kisumu, Machakos, Makueni, Mandera, Mombasa, Nairobi, Narok, Turkana and Wajir Counties. The outbreak remains active in four counties: Garissa, Mandera, Turkana and Kirinyaga.' - cholera confirmed present; no case count available.",AI,
AFR::KEN::Eastern::Machakos,2019-01-02,2019-12-22,presence_confirmed_count_unknown,57,"WHO AFRO Weekly Bulletin on Outbreaks and Other Emergencies, Week 52, 23-29 December 2019",0.9,"Source states: 'Since January 2019, twelve of the 47 Counties of Kenya reported cholera cases, namely: Embu, Garissa, Kajiado, Kisumu, Machakos, Makueni, Mandera, Mombasa, Nairobi, Narok, Turkana and Wajir Counties. The outbreak remains active in four counties: Garissa, Mandera, Turkana and Kirinyaga.' - cholera confirmed present; no case count available.",AI,
AFR::KEN::Eastern::Makueni,2019-01-02,2019-12-22,presence_confirmed_count_unknown,57,"WHO AFRO Weekly Bulletin on Outbreaks and Other Emergencies, Week 52, 23-29 December 2019",0.9,"Source states: 'Since January 2019, twelve of the 47 Counties of Kenya reported cholera cases, namely: Embu, Garissa, Kajiado, Kisumu, Machakos, Makueni, Mandera, Mombasa, Nairobi, Narok, Turkana and Wajir Counties. The outbreak remains active in four counties: Garissa, Mandera, Turkana and Kirinyaga.' - cholera confirmed present; no case count available.",AI,
AFR::KEN::North-Eastern::Mandera,2019-01-02,2019-12-22,presence_confirmed_count_unknown,57,"WHO AFRO Weekly Bulletin on Outbreaks and Other Emergencies, Week 52, 23-29 December 2019",0.9,"Source states: 'Since January 2019, twelve of the 47 Counties of Kenya reported cholera cases, namely: Embu, Garissa, Kajiado, Kisumu, Machakos, Makueni, Mandera, Mombasa, Nairobi, Narok, Turkana and Wajir Counties. The outbreak remains active in four counties: Garissa, Mandera, Turkana and Kirinyaga.' - cholera confirmed present; no case count available.",AI,
AFR::KEN::Coast::Mombasa,2019-01-02,2019-12-22,presence_confirmed_count_unknown,57,"WHO AFRO Weekly Bulletin on Outbreaks and Other Emergencies, Week 52, 23-29 December 2019",0.9,"Source states: 'Since January 2019, twelve of the 47 Counties of Kenya reported cholera cases, namely: Embu, Garissa, Kajiado, Kisumu, Machakos, Makueni, Mandera, Mombasa, Nairobi, Narok, Turkana and Wajir Counties. The outbreak remains active in four counties: Garissa, Mandera, Turkana and Kirinyaga.' - cholera confirmed present; no case count available.",AI,
AFR::KEN::Nairobi,2019-01-02,2019-12-22,presence_confirmed_count_unknown,57,"WHO AFRO Weekly Bulletin on Outbreaks and Other Emergencies, Week 52, 23-29 December 2019",0.9,"Source states: 'Since January 2019, twelve of the 47 Counties of Kenya reported cholera cases, namely: Embu, Garissa, Kajiado, Kisumu, Machakos, Makueni, Mandera, Mombasa, Nairobi, Narok, Turkana and Wajir Counties. The outbreak remains active in four counties: Garissa, Mandera, Turkana and Kirinyaga.' - cholera confirmed present; no case count available.",AI,
AFR::KEN::Rift-Valley::Narok,2019-01-02,2019-12-22,presence_confirmed_count_unknown,57,"WHO AFRO Weekly Bulletin on Outbreaks and Other Emergencies, Week 52, 23-29 December 2019",0.9,"Source states: 'Since January 2019, twelve of the 47 Counties of Kenya reported cholera cases, namely: Embu, Garissa, Kajiado, Kisumu, Machakos, Makueni, Mandera, Mombasa, Nairobi, Narok, Turkana and Wajir Counties. The outbreak remains active in four counties: Garissa, Mandera, Turkana and Kirinyaga.' - cholera confirmed present; no case count available.",AI,
AFR::KEN::Rift-Valley::Turkana,2019-01-02,2019-12-22,presence_confirmed_count_unknown,57,"WHO AFRO Weekly Bulletin on Outbreaks and Other Emergencies, Week 52, 23-29 December 2019",0.9,"Source states: 'Since January 2019, twelve of the 47 Counties of Kenya reported cholera cases, namely: Embu, Garissa, Kajiado, Kisumu, Machakos, Makueni, Mandera, Mombasa, Nairobi, Narok, Turkana and Wajir Counties. The outbreak remains active in four counties: Garissa, Mandera, Turkana and Kirinyaga.' - cholera confirmed present; no case count available. [AGENT 5 LOCATION NORMALISATION: code changed from 'AFR::KEN::Turkana' to 'AFR::KEN::Rift-Valley::Turkana' to match the canonical AFR::KEN::<Province>::<County> form now used throughout ./data/KEN/cholera_data_ai.csv; no evidence changed.]",AI,
AFR::KEN::North-Eastern::Wajir,2019-01-02,2019-12-22,presence_confirmed_count_unknown,57,"WHO AFRO Weekly Bulletin on Outbreaks and Other Emergencies, Week 52, 23-29 December 2019",0.9,"Source states: 'Since January 2019, twelve of the 47 Counties of Kenya reported cholera cases, namely: Embu, Garissa, Kajiado, Kisumu, Machakos, Makueni, Mandera, Mombasa, Nairobi, Narok, Turkana and Wajir Counties. The outbreak remains active in four counties: Garissa, Mandera, Turkana and Kirinyaga.' - cholera confirmed present; no case count available.",AI,
AFR::KEN::Central::Kirinyaga,2019-01-02,2019-12-22,presence_confirmed_count_unknown,57,"WHO AFRO Weekly Bulletin on Outbreaks and Other Emergencies, Week 52, 23-29 December 2019",0.9,"Source states: 'Since January 2019, twelve of the 47 Counties of Kenya reported cholera cases, namely: Embu, Garissa, Kajiado, Kisumu, Machakos, Makueni, Mandera, Mombasa, Nairobi, Narok, Turkana and Wajir Counties. The outbreak remains active in four counties: Garissa, Mandera, Turkana and Kirinyaga.' - cholera confirmed present; no case count available.",AI,
AFR::KEN::North-Eastern::Garissa,2017-01-01,2017-12-07,presence_confirmed_count_unknown,56,"WHO AFRO Weekly Bulletin on Outbreaks and Other Emergencies, Week 52, 23-29 December 2017",0.9,"Source states: 'The outbreak is still ongoing and 7 counties are actively reporting cases: Nairobi, Garissa, Mombasa, Wajir, Kwale, Embu, and Kirinyaga counties. Approximately 60% of the cases have been reported from Nairobi county.' - cholera confirmed present; no case count available.",AI,
AFR::KEN::Coast::Mombasa,2017-01-01,2017-12-07,presence_confirmed_count_unknown,56,"WHO AFRO Weekly Bulletin on Outbreaks and Other Emergencies, Week 52, 23-29 December 2017",0.9,"Source states: 'The outbreak is still ongoing and 7 counties are actively reporting cases: Nairobi, Garissa, Mombasa, Wajir, Kwale, Embu, and Kirinyaga counties. Approximately 60% of the cases have been reported from Nairobi county.' - cholera confirmed present; no case count available.",AI,
AFR::KEN::North-Eastern::Wajir,2017-01-01,2017-12-07,presence_confirmed_count_unknown,56,"WHO AFRO Weekly Bulletin on Outbreaks and Other Emergencies, Week 52, 23-29 December 2017",0.9,"Source states: 'The outbreak is still ongoing and 7 counties are actively reporting cases: Nairobi, Garissa, Mombasa, Wajir, Kwale, Embu, and Kirinyaga counties. Approximately 60% of the cases have been reported from Nairobi county.' - cholera confirmed present; no case count available.",AI,
AFR::KEN::Coast::Kwale,2017-01-01,2017-12-07,presence_confirmed_count_unknown,56,"WHO AFRO Weekly Bulletin on Outbreaks and Other Emergencies, Week 52, 23-29 December 2017",0.9,"Source states: 'The outbreak is still ongoing and 7 counties are actively reporting cases: Nairobi, Garissa, Mombasa, Wajir, Kwale, Embu, and Kirinyaga counties. Approximately 60% of the cases have been reported from Nairobi county.' - cholera confirmed present; no case count available.",AI,
AFR::KEN::Eastern::Embu,2017-01-01,2017-12-07,presence_confirmed_count_unknown,56,"WHO AFRO Weekly Bulletin on Outbreaks and Other Emergencies, Week 52, 23-29 December 2017",0.9,"Source states: 'The outbreak is still ongoing and 7 counties are actively reporting cases: Nairobi, Garissa, Mombasa, Wajir, Kwale, Embu, and Kirinyaga counties. Approximately 60% of the cases have been reported from Nairobi county.' - cholera confirmed present; no case count available.",AI,
AFR::KEN::Central::Kirinyaga,2017-01-01,2017-12-07,presence_confirmed_count_unknown,56,"WHO AFRO Weekly Bulletin on Outbreaks and Other Emergencies, Week 52, 23-29 December 2017",0.9,"Source states: 'The outbreak is still ongoing and 7 counties are actively reporting cases: Nairobi, Garissa, Mombasa, Wajir, Kwale, Embu, and Kirinyaga counties. Approximately 60% of the cases have been reported from Nairobi county.' - cholera confirmed present; no case count available.",AI,
AFR::KEN::Central::Kiambu::Limuru,2022-10-08,2022-10-28,presence_confirmed_count_unknown,69,"Kenya Ministry of Health, Division of Disease Surveillance and Response, Disease Outbreak Situation Report, EPI Week 42 2022 (28 October 2022)",0.9,"Source states: 'The outbreak started with people who had attended a wedding which was held in Red hill Gardens ,Limuru sub county, Kiambu county on Saturday of 8th Oct 22.' - cholera confirmed present; no case count available.",AI,
AFR::KEN::North-Eastern::Garissa,2020-01-01,2020-07-12,presence_confirmed_count_unknown,73,"WHO AFRO Weekly Bulletin on Outbreak and Other Emergencies, Week 30, 20-26 July 2020",0.9,"Source states: 'Since 1 January 2020, cholera outbreak has been reported in five counties namely: Garissa, Marsabit, Muranga, Turkana and Wajir.' - cholera confirmed present; no case count available.",AI,
AFR::KEN::Eastern::Marsabit,2020-01-01,2020-07-12,presence_confirmed_count_unknown,73,"WHO AFRO Weekly Bulletin on Outbreak and Other Emergencies, Week 30, 20-26 July 2020",0.9,"Source states: 'Since 1 January 2020, cholera outbreak has been reported in five counties namely: Garissa, Marsabit, Muranga, Turkana and Wajir.' - cholera confirmed present; no case count available.",AI,
AFR::KEN::Central::Muranga,2020-01-01,2020-07-12,presence_confirmed_count_unknown,73,"WHO AFRO Weekly Bulletin on Outbreak and Other Emergencies, Week 30, 20-26 July 2020",0.9,"Source states: 'Since 1 January 2020, cholera outbreak has been reported in five counties namely: Garissa, Marsabit, Muranga, Turkana and Wajir.' - cholera confirmed present; no case count available.",AI,
AFR::KEN::Rift-Valley::Turkana,2020-01-01,2020-07-12,presence_confirmed_count_unknown,73,"WHO AFRO Weekly Bulletin on Outbreak and Other Emergencies, Week 30, 20-26 July 2020",0.9,"Source states: 'Since 1 January 2020, cholera outbreak has been reported in five counties namely: Garissa, Marsabit, Muranga, Turkana and Wajir.' - cholera confirmed present; no case count available. [AGENT 5 LOCATION NORMALISATION: code changed from 'AFR::KEN::Turkana' to 'AFR::KEN::Rift-Valley::Turkana' to match the canonical AFR::KEN::<Province>::<County> form now used throughout ./data/KEN/cholera_data_ai.csv; no evidence changed.]",AI,
AFR::KEN::North-Eastern::Wajir,2020-01-01,2020-07-12,presence_confirmed_count_unknown,73,"WHO AFRO Weekly Bulletin on Outbreak and Other Emergencies, Week 30, 20-26 July 2020",0.9,"Source states: 'Since 1 January 2020, cholera outbreak has been reported in five counties namely: Garissa, Marsabit, Muranga, Turkana and Wajir.' - cholera confirmed present; no case count available.",AI,
AFR::KEN::Rift-Valley::Kericho,2017-05-14,2017-06-12,presence_confirmed_count_unknown,72,"WHO AFRO Weekly Bulletin on Outbreaks and Other Emergencies, Week 26, 24-30 June 2017",0.9,"Source states: 'The third cluster is reported in Kericho and Vihiga Counties in the west of Kenya, areas which experience frequent recurrence of cholera outbreaks. Between 14 May and 12 June 2017, 103 cases were reported, including three culture-confirmed cases.' - cholera confirmed present; no case count available.",AI,
AFR::KEN::Western::Vihiga,2017-05-14,2017-06-12,presence_confirmed_count_unknown,72,"WHO AFRO Weekly Bulletin on Outbreaks and Other Emergencies, Week 26, 24-30 June 2017",0.9,"Source states: 'The third cluster is reported in Kericho and Vihiga Counties in the west of Kenya, areas which experience frequent recurrence of cholera outbreaks. Between 14 May and 12 June 2017, 103 cases were reported, including three culture-confirmed cases.' - cholera confirmed present; no case count available.",AI,
AFR::KEN::Eastern::Machakos,2017-01-01,2017-10-03,presence_confirmed_count_unknown,79,"WHO AFRO Weekly Bulletin on Outbreaks and Other Emergencies, Week 40, 30 September - 6 October 2017",0.9,"Source states: 'Kenya Cholera G1 6-Mar-17 1-Jan-17 3-Oct-17 3,059 572 56 1.8% Three countries are currently reporting active outbreaks: Nairobi, Machakos and Kajiado. Marsabit (n=338) and Wajir (n=119) counties have been affected by outbreaks since early 2017. The outbreak remains active in Marsabit' - cholera confirmed present; no case count available.",AI,
AFR::KEN::Rift-Valley::Kajiado,2017-01-01,2017-10-03,presence_confirmed_count_unknown,79,"WHO AFRO Weekly Bulletin on Outbreaks and Other Emergencies, Week 40, 30 September - 6 October 2017",0.9,"Source states: 'Kenya Cholera G1 6-Mar-17 1-Jan-17 3-Oct-17 3,059 572 56 1.8% Three countries are currently reporting active outbreaks: Nairobi, Machakos and Kajiado. Marsabit (n=338) and Wajir (n=119) counties have been affected by outbreaks since early 2017. The outbreak remains active in Marsabit' - cholera confirmed present; no case count available.",AI,
AFR::KEN::North-Eastern::Garissa,2017-10-01,2017-12-31,presence_confirmed_count_unknown,81,"UNICEF Kenya Humanitarian Situation Report, 1 January to 31 December 2017",0.8,"Source states: 'A total of 22 out of 47 counties were affected by Cholera in 2017, however, by the end of the year, only four (Garissa, Kirinyaga, Mombasa and Tharaka Nithi) counties had active outbreaks.' - cholera confirmed present; no case count available.",AI,
AFR::KEN::Central::Kirinyaga,2017-10-01,2017-12-31,presence_confirmed_count_unknown,81,"UNICEF Kenya Humanitarian Situation Report, 1 January to 31 December 2017",0.8,"Source states: 'A total of 22 out of 47 counties were affected by Cholera in 2017, however, by the end of the year, only four (Garissa, Kirinyaga, Mombasa and Tharaka Nithi) counties had active outbreaks.' - cholera confirmed present; no case count available.",AI,
AFR::KEN::Coast::Mombasa,2017-10-01,2017-12-31,presence_confirmed_count_unknown,81,"UNICEF Kenya Humanitarian Situation Report, 1 January to 31 December 2017",0.8,"Source states: 'A total of 22 out of 47 counties were affected by Cholera in 2017, however, by the end of the year, only four (Garissa, Kirinyaga, Mombasa and Tharaka Nithi) counties had active outbreaks.' - cholera confirmed present; no case count available.",AI,
AFR::KEN::Eastern::Tharaka_Nithi,2017-10-01,2017-12-31,presence_confirmed_count_unknown,81,"UNICEF Kenya Humanitarian Situation Report, 1 January to 31 December 2017",0.8,"Source states: 'A total of 22 out of 47 counties were affected by Cholera in 2017, however, by the end of the year, only four (Garissa, Kirinyaga, Mombasa and Tharaka Nithi) counties had active outbreaks.' - cholera confirmed present; no case count available.",AI,
AFR::KEN::North-Eastern::Mandera,2023-01-23,2023-02-12,presence_confirmed_count_unknown,83,"WHO AFRO Weekly Bulletin on Outbreak and Other Emergencies, 2023 series (Weeks 5, 10, 20, 35, 40, 45)",0.9,"Source states: 'The outbreak has affected 16 counties : Nairobi, Kiambu, Nakuru, UasinGishu, Kajiado, Murang'a, Machakos, Garissa, Meru, Nyeri, Wajir, Tana River, Kitui, Homa Bay, Mandera and West Pokot counties. West Pokot is the new county reporting new cases.' - cholera confirmed present; no case count available.",AI,
AFR::KEN::Rift-Valley::West_Pokot,2023-01-23,2023-02-12,presence_confirmed_count_unknown,83,"WHO AFRO Weekly Bulletin on Outbreak and Other Emergencies, 2023 series (Weeks 5, 10, 20, 35, 40, 45)",0.9,"Source states: 'The outbreak has affected 16 counties : Nairobi, Kiambu, Nakuru, UasinGishu, Kajiado, Murang'a, Machakos, Garissa, Meru, Nyeri, Wajir, Tana River, Kitui, Homa Bay, Mandera and West Pokot counties. West Pokot is the new county reporting new cases.' - cholera confirmed present; no case count available.",AI,
AFR::KEN::Rift-Valley::Bomet,2023-02-13,2023-05-07,presence_confirmed_count_unknown,83,"WHO AFRO Weekly Bulletin on Outbreak and Other Emergencies, 2023 series (Weeks 5, 10, 20, 35, 40, 45)",0.9,"Source states: 'The cholera outbreak has affected 23 counties namely : Nairobi,Kiambu,Nakuru,UasinGishu,Kajiado,Murang'a,Machakos,Garissa,Meru,Nyeri,Wajir,Tana River, Kitui, Homa Bay, Mandera ,West Pokot, Bomet, Samburu, Marsabit, kirinyaga,Kisumu, Siaya and Isiolo counties.' - cholera confirmed present; no case count available.",AI,
AFR::KEN::Rift-Valley::Samburu,2023-02-13,2023-05-07,presence_confirmed_count_unknown,83,"WHO AFRO Weekly Bulletin on Outbreak and Other Emergencies, 2023 series (Weeks 5, 10, 20, 35, 40, 45)",0.9,"Source states: 'The cholera outbreak has affected 23 counties namely : Nairobi,Kiambu,Nakuru,UasinGishu,Kajiado,Murang'a,Machakos,Garissa,Meru,Nyeri,Wajir,Tana River, Kitui, Homa Bay, Mandera ,West Pokot, Bomet, Samburu, Marsabit, kirinyaga,Kisumu, Siaya and Isiolo counties.' - cholera confirmed present; no case count available.",AI,
AFR::KEN::Eastern::Marsabit,2023-02-13,2023-05-07,presence_confirmed_count_unknown,83,"WHO AFRO Weekly Bulletin on Outbreak and Other Emergencies, 2023 series (Weeks 5, 10, 20, 35, 40, 45)",0.9,"Source states: 'The cholera outbreak has affected 23 counties namely : Nairobi,Kiambu,Nakuru,UasinGishu,Kajiado,Murang'a,Machakos,Garissa,Meru,Nyeri,Wajir,Tana River, Kitui, Homa Bay, Mandera ,West Pokot, Bomet, Samburu, Marsabit, kirinyaga,Kisumu, Siaya and Isiolo counties.' - cholera confirmed present; no case count available.",AI,
AFR::KEN::Central::Kirinyaga,2023-02-13,2023-05-07,presence_confirmed_count_unknown,83,"WHO AFRO Weekly Bulletin on Outbreak and Other Emergencies, 2023 series (Weeks 5, 10, 20, 35, 40, 45)",0.9,"Source states: 'The cholera outbreak has affected 23 counties namely : Nairobi,Kiambu,Nakuru,UasinGishu,Kajiado,Murang'a,Machakos,Garissa,Meru,Nyeri,Wajir,Tana River, Kitui, Homa Bay, Mandera ,West Pokot, Bomet, Samburu, Marsabit, kirinyaga,Kisumu, Siaya and Isiolo counties.' - cholera confirmed present; no case count available.",AI,
AFR::KEN::Nyanza::Kisumu,2023-02-13,2023-05-07,presence_confirmed_count_unknown,83,"WHO AFRO Weekly Bulletin on Outbreak and Other Emergencies, 2023 series (Weeks 5, 10, 20, 35, 40, 45)",0.9,"Source states: 'The cholera outbreak has affected 23 counties namely : Nairobi,Kiambu,Nakuru,UasinGishu,Kajiado,Murang'a,Machakos,Garissa,Meru,Nyeri,Wajir,Tana River, Kitui, Homa Bay, Mandera ,West Pokot, Bomet, Samburu, Marsabit, kirinyaga,Kisumu, Siaya and Isiolo counties.' - cholera confirmed present; no case count available.",AI,
AFR::KEN::Nyanza::Siaya,2023-02-13,2023-05-07,presence_confirmed_count_unknown,83,"WHO AFRO Weekly Bulletin on Outbreak and Other Emergencies, 2023 series (Weeks 5, 10, 20, 35, 40, 45)",0.9,"Source states: 'The cholera outbreak has affected 23 counties namely : Nairobi,Kiambu,Nakuru,UasinGishu,Kajiado,Murang'a,Machakos,Garissa,Meru,Nyeri,Wajir,Tana River, Kitui, Homa Bay, Mandera ,West Pokot, Bomet, Samburu, Marsabit, kirinyaga,Kisumu, Siaya and Isiolo counties.' - cholera confirmed present; no case count available.",AI,
AFR::KEN::Eastern::Isiolo,2023-02-13,2023-05-07,presence_confirmed_count_unknown,83,"WHO AFRO Weekly Bulletin on Outbreak and Other Emergencies, 2023 series (Weeks 5, 10, 20, 35, 40, 45)",0.9,"Source states: 'The cholera outbreak has affected 23 counties namely : Nairobi,Kiambu,Nakuru,UasinGishu,Kajiado,Murang'a,Machakos,Garissa,Meru,Nyeri,Wajir,Tana River, Kitui, Homa Bay, Mandera ,West Pokot, Bomet, Samburu, Marsabit, kirinyaga,Kisumu, Siaya and Isiolo counties.' - cholera confirmed present; no case count available.",AI,
AFR::KEN,1990-01-25,1991-10-03,presence_confirmed_count_unknown,101,"WHO Weekly Epidemiological Record IHR cholera infected-area register, Kenya, WER 1990 no.4 to WER 1991 no.40",0.9,"Source states: 'Infected Areas as on 25 January 1990 - CHOLERA - Africa: KENYA, Coast Province, Kilifi District, Mombasa District. Carried in every monthly complete list of 1990 and 1991 until 'Areas removed from the infected area list between 27 September and 3 October 1991 - Cholera - Africa - Kenya'' - cholera confirmed present; no case count available.",AI,
AFR::KEN::Coast::Kilifi,1990-01-25,1991-10-03,presence_confirmed_count_unknown,101,"WHO Weekly Epidemiological Record IHR cholera infected-area register, Kenya, WER 1990 no.4 to WER 1991 no.40",0.9,Source states: 'Infected Areas as on 25 January 1990 - CHOLERA - Africa: KENYA / Coast Province / KiliFi District' - cholera confirmed present; no case count available.,AI,
AFR::KEN::Coast::Mombasa,1990-01-25,1991-10-03,presence_confirmed_count_unknown,101,"WHO Weekly Epidemiological Record IHR cholera infected-area register, Kenya, WER 1990 no.4 to WER 1991 no.40",0.9,Source states: 'Infected Areas as on 25 January 1990 - CHOLERA - Africa: KENYA / Coast Province / Mombasa District' - cholera confirmed present; no case count available.,AI,
AFR::KEN::Coast::Kwale,1990-02-01,1991-10-03,presence_confirmed_count_unknown,101,"WHO Weekly Epidemiological Record IHR cholera infected-area register, Kenya, WER 1990 no.4 to WER 1991 no.40",0.9,Source states: 'Newly infected areas as on 1 February 1990 - CHOLERA - Africa: KENYA / Coast Province / Kwale District' - cholera confirmed present; no case count available.,AI,
AFR::KEN::Nyanza::Kisumu,1990-02-01,1991-10-03,presence_confirmed_count_unknown,101,"WHO Weekly Epidemiological Record IHR cholera infected-area register, Kenya, WER 1990 no.4 to WER 1991 no.40",0.9,Source states: 'Newly infected areas as on 1 February 1990 - CHOLERA - Africa: KENYA / Nyanza Province / Kisumu District' - cholera confirmed present; no case count available.,AI,
AFR::KEN::Nyanza::Siaya,1990-02-01,1991-10-03,presence_confirmed_count_unknown,101,"WHO Weekly Epidemiological Record IHR cholera infected-area register, Kenya, WER 1990 no.4 to WER 1991 no.40",0.9,Source states: 'Newly infected areas as on 1 February 1990 - CHOLERA - Africa: KENYA / Nyanza Province / Siaya District' - cholera confirmed present; no case count available.,AI,
AFR::KEN::Nyanza,1976-01-25,1976-12-05,presence_confirmed_count_unknown,106,"WHO Weekly Epidemiological Record volume 51 (1976), Kenya cholera notification and infected-area register",0.9,"Source states: 'Infected Areas as on 25 January 1976 through the complete list in WER 1976 no.49 - CHOLERA - Africa: KENYA / Nyanza Province / Central Nyanza County, South Nyanza County' - cholera confirmed present; no case count available.",AI,
AFR::KEN::Rift-Valley::Nandi,1975-04-18,1975-04-24,presence_confirmed_count_unknown,104,"WHO Weekly Epidemiological Record volume 50 (1975), weekly IHR cholera notification tables, Kenya",0.85,Source states: 'Areas Removed from the Infected Area List between 18 and 24 April 1975 - CHOLERA - Africa: KENYA / Rift Valley Province / Nandi County' - cholera confirmed present; no case count available.,AI,
AFR::KEN::Central::Kiambu,1975-05-08,1975-05-15,presence_confirmed_count_unknown,104,"WHO Weekly Epidemiological Record volume 50 (1975), weekly IHR cholera notification tables, Kenya",0.85,Source states: 'Areas Removed from the Infected Area List between 8 and 15 May 1975 - CHOLERA - Africa: KENYA / Central Province / Kiambu County' - cholera confirmed present; no case count available.,AI,
AFR::KEN::Nyanza,1998-12-27,1999-01-19,presence_confirmed_count_unknown,120,"WHO Disease Outbreak News, Cholera in Kenya, 20 January 1999",0.9,"Source states: 'The Ministry of Health, Kenya, has informed WHO of an outbreak of cholera in Nyanza, Eastern, Rift Valley and Nairobi Provinces which started on 27 December 1998. As of 19 January 1999 a total of 1025 cases with 25 deaths is estimated to have occurred.' - cholera confirmed present; no case count available.",AI,
AFR::KEN::Eastern,1998-12-27,1999-01-19,presence_confirmed_count_unknown,120,"WHO Disease Outbreak News, Cholera in Kenya, 20 January 1999",0.9,"Source states: 'The Ministry of Health, Kenya, has informed WHO of an outbreak of cholera in Nyanza, Eastern, Rift Valley and Nairobi Provinces which started on 27 December 1998. As of 19 January 1999 a total of 1025 cases with 25 deaths is estimated to have occurred.' - cholera confirmed present; no case count available.",AI,
AFR::KEN::Rift-Valley,1998-12-27,1999-01-19,presence_confirmed_count_unknown,120,"WHO Disease Outbreak News, Cholera in Kenya, 20 January 1999",0.9,"Source states: 'The Ministry of Health, Kenya, has informed WHO of an outbreak of cholera in Nyanza, Eastern, Rift Valley and Nairobi Provinces which started on 27 December 1998. As of 19 January 1999 a total of 1025 cases with 25 deaths is estimated to have occurred.' - cholera confirmed present; no case count available.",AI,
AFR::KEN::Nairobi,1998-12-27,1999-01-19,presence_confirmed_count_unknown,120,"WHO Disease Outbreak News, Cholera in Kenya, 20 January 1999",0.9,"Source states: 'The Ministry of Health, Kenya, has informed WHO of an outbreak of cholera in Nyanza, Eastern, Rift Valley and Nairobi Provinces which started on 27 December 1998. As of 19 January 1999 a total of 1025 cases with 25 deaths is estimated to have occurred.' - cholera confirmed present; no case count available.",AI,
AFR::KEN::Nyanza::Migori,1999-09-01,1999-09-30,presence_confirmed_count_unknown,117,"WHO Weekly Epidemiological Record volume 74 (1999), weekly IHR cholera notification tables, Kenya",0.9,"Source states: 'Cholera, Africa - update. Kenya. In September, 254 cases with 10 deaths were reported in Migori district, Nyanza province and in Koibatek District' - cholera confirmed present; no case count available.",AI,
AFR::KEN::Rift-Valley::Koibatek,1999-09-01,1999-11-18,presence_confirmed_count_unknown,117,"WHO Weekly Epidemiological Record volume 74 (1999), weekly IHR cholera notification tables, Kenya",0.9,"Source states: 'Cholera, Africa - update. Kenya. In September, 254 cases with 10 deaths were reported in Migori district, Nyanza province and in Koibatek District ... Newly infected areas as at 18 November 1999: Cholera - Africa - Kenya - Rift Valley Province - Koibatek District' - cholera confirmed present; no case count available.",AI,
AFR::KEN::Western::Busia,1983-08-05,1983-09-09,presence_confirmed_count_unknown,123,"WHO Weekly Epidemiological Record volume 58 (1983), weekly IHR cholera notification table and infected-areas register, Kenya",0.85,"Source states: 'WHO Weekly Epidemiological Record volume 58 (1983), CHOLERA infected-areas register: KENYA / Western Province / Busia District, listed in the issues of 1983-08-05 to 1983-09-09' - cholera confirmed present; no case count available.",AI,
AFR::KEN::Nyanza::Kisumu,1983-03-25,1983-09-09,presence_confirmed_count_unknown,123,"WHO Weekly Epidemiological Record volume 58 (1983), weekly IHR cholera notification table and infected-areas register, Kenya",0.85,"Source states: 'WHO Weekly Epidemiological Record volume 58 (1983), CHOLERA infected-areas register: KENYA / Nyanza Province / Kisumu District, listed in the issues of 1983-03-25 to 1983-09-09' - cholera confirmed present; no case count available.",AI,
AFR::KEN::Nyanza::Siaya,1983-03-25,1983-10-07,presence_confirmed_count_unknown,123,"WHO Weekly Epidemiological Record volume 58 (1983), weekly IHR cholera notification table and infected-areas register, Kenya",0.85,"Source states: 'WHO Weekly Epidemiological Record volume 58 (1983), CHOLERA infected-areas register: KENYA / Nyanza Province / Siaya District, listed in the issues of 1983-03-25 to 1983-10-07' - cholera confirmed present; no case count available.",AI,
AFR::KEN::Nyanza::South_Nyanza,1983-03-25,1983-09-09,presence_confirmed_count_unknown,123,"WHO Weekly Epidemiological Record volume 58 (1983), weekly IHR cholera notification table and infected-areas register, Kenya",0.85,"Source states: 'WHO Weekly Epidemiological Record volume 58 (1983), CHOLERA infected-areas register: KENYA / Nyanza Province / South Nyanza District, listed in the issues of 1983-03-25 to 1983-09-09' - cholera confirmed present; no case count available.",AI,
AFR::KEN::Western::Busia,1984-01-13,1984-11-02,presence_confirmed_count_unknown,124,"WHO Weekly Epidemiological Record volumes 59-62 (1984-1987), IHR cholera infected-areas register, Kenya districts",0.85,"Source states: 'WHO Weekly Epidemiological Record volume 59 (1984), CHOLERA infected-areas register: KENYA / Western Province / Busia District, listed in the issues of 1984-01-13 to 1984-11-02' - cholera confirmed present; no case count available.",AI,
AFR::KEN::Nyanza::Kisumu,1984-01-13,1984-11-02,presence_confirmed_count_unknown,124,"WHO Weekly Epidemiological Record volumes 59-62 (1984-1987), IHR cholera infected-areas register, Kenya districts",0.85,"Source states: 'WHO Weekly Epidemiological Record volume 59 (1984), CHOLERA infected-areas register: KENYA / Nyanza Province / Kisumu District, listed in the issues of 1984-01-13 to 1984-11-02' - cholera confirmed present; no case count available.",AI,
AFR::KEN::Nyanza::South_Nyanza,1984-01-13,1984-11-02,presence_confirmed_count_unknown,124,"WHO Weekly Epidemiological Record volumes 59-62 (1984-1987), IHR cholera infected-areas register, Kenya districts",0.85,"Source states: 'WHO Weekly Epidemiological Record volume 59 (1984), CHOLERA infected-areas register: KENYA / Nyanza Province / South Nyanza District, listed in the issues of 1984-01-13 to 1984-11-02' - cholera confirmed present; no case count available.",AI,
AFR::KEN::Eastern::Embu,1985-05-24,1985-11-01,presence_confirmed_count_unknown,124,"WHO Weekly Epidemiological Record volumes 59-62 (1984-1987), IHR cholera infected-areas register, Kenya districts",0.85,"Source states: 'WHO Weekly Epidemiological Record volume 60 (1985), CHOLERA infected-areas register: KENYA / Eastern Province / Embu District, listed in the issues of 1985-05-24 to 1985-11-01' - cholera confirmed present; no case count available.",AI,
AFR::KEN::Eastern::Isiolo,1985-03-08,1985-11-01,presence_confirmed_count_unknown,124,"WHO Weekly Epidemiological Record volumes 59-62 (1984-1987), IHR cholera infected-areas register, Kenya districts",0.85,"Source states: 'WHO Weekly Epidemiological Record volume 60 (1985), CHOLERA infected-areas register: KENYA / Eastern Province / Isiolo District, listed in the issues of 1985-03-08 to 1985-11-01' - cholera confirmed present; no case count available.",AI,
AFR::KEN::Central::Kiambu,1985-03-08,1985-07-26,presence_confirmed_count_unknown,124,"WHO Weekly Epidemiological Record volumes 59-62 (1984-1987), IHR cholera infected-areas register, Kenya districts",0.85,"Source states: 'WHO Weekly Epidemiological Record volume 60 (1985), CHOLERA infected-areas register: KENYA / Central Province / Kiambu District, listed in the issues of 1985-03-08 to 1985-07-26' - cholera confirmed present; no case count available.",AI,
AFR::KEN::Central::Kirinyaga,1985-05-24,1985-11-01,presence_confirmed_count_unknown,124,"WHO Weekly Epidemiological Record volumes 59-62 (1984-1987), IHR cholera infected-areas register, Kenya districts",0.85,"Source states: 'WHO Weekly Epidemiological Record volume 60 (1985), CHOLERA infected-areas register: KENYA / Central Province / Kirinyaga District, listed in the issues of 1985-05-24 to 1985-11-01' - cholera confirmed present; no case count available.",AI,
AFR::KEN::Nyanza::Kisumu,1985-03-08,1985-04-12,presence_confirmed_count_unknown,124,"WHO Weekly Epidemiological Record volumes 59-62 (1984-1987), IHR cholera infected-areas register, Kenya districts",0.85,"Source states: 'WHO Weekly Epidemiological Record volume 60 (1985), CHOLERA infected-areas register: KENYA / Nyanza Province / Kisumu District, listed in the issues of 1985-03-08 to 1985-04-12' - cholera confirmed present; no case count available.",AI,
AFR::KEN::Eastern::Kitui,1985-03-29,1985-11-01,presence_confirmed_count_unknown,124,"WHO Weekly Epidemiological Record volumes 59-62 (1984-1987), IHR cholera infected-areas register, Kenya districts",0.85,"Source states: 'WHO Weekly Epidemiological Record volume 60 (1985), CHOLERA infected-areas register: KENYA / Eastern Province / Kitui District, listed in the issues of 1985-03-29 to 1985-11-01' - cholera confirmed present; no case count available.",AI,
AFR::KEN::Coast::Kwale,1985-03-29,1985-11-01,presence_confirmed_count_unknown,124,"WHO Weekly Epidemiological Record volumes 59-62 (1984-1987), IHR cholera infected-areas register, Kenya districts",0.85,"Source states: 'WHO Weekly Epidemiological Record volume 60 (1985), CHOLERA infected-areas register: KENYA / Coast Province / Kwale District, listed in the issues of 1985-03-29 to 1985-11-01' - cholera confirmed present; no case count available.",AI,
AFR::KEN::Coast::Lamu,1985-05-24,1985-11-01,presence_confirmed_count_unknown,124,"WHO Weekly Epidemiological Record volumes 59-62 (1984-1987), IHR cholera infected-areas register, Kenya districts",0.85,"Source states: 'WHO Weekly Epidemiological Record volume 60 (1985), CHOLERA infected-areas register: KENYA / Coast Province / Lamu District, listed in the issues of 1985-05-24 to 1985-11-01' - cholera confirmed present; no case count available.",AI,
AFR::KEN::Eastern::Machakos,1985-03-08,1985-03-08,presence_confirmed_count_unknown,124,"WHO Weekly Epidemiological Record volumes 59-62 (1984-1987), IHR cholera infected-areas register, Kenya districts",0.85,"Source states: 'WHO Weekly Epidemiological Record volume 60 (1985), CHOLERA infected-areas register: KENYA / Eastern Province / Machakos District, listed in the issues of 1985-03-08 to 1985-03-08' - cholera confirmed present; no case count available.",AI,
AFR::KEN::Eastern::Meru,1985-03-08,1985-03-08,presence_confirmed_count_unknown,124,"WHO Weekly Epidemiological Record volumes 59-62 (1984-1987), IHR cholera infected-areas register, Kenya districts",0.85,"Source states: 'WHO Weekly Epidemiological Record volume 60 (1985), CHOLERA infected-areas register: KENYA / Eastern Province / Meru District, listed in the issues of 1985-03-08 to 1985-03-08' - cholera confirmed present; no case count available.",AI,
AFR::KEN::Coast::Mombasa,1985-03-08,1985-11-01,presence_confirmed_count_unknown,124,"WHO Weekly Epidemiological Record volumes 59-62 (1984-1987), IHR cholera infected-areas register, Kenya districts",0.85,"Source states: 'WHO Weekly Epidemiological Record volume 60 (1985), CHOLERA infected-areas register: KENYA / Coast Province / Mombasa District, listed in the issues of 1985-03-08 to 1985-11-01' - cholera confirmed present; no case count available.",AI,
AFR::KEN::Rift-Valley::Nandi,1985-07-26,1985-07-26,presence_confirmed_count_unknown,124,"WHO Weekly Epidemiological Record volumes 59-62 (1984-1987), IHR cholera infected-areas register, Kenya districts",0.85,"Source states: 'WHO Weekly Epidemiological Record volume 60 (1985), CHOLERA infected-areas register: KENYA / Rift Valley Province / Nandi District, listed in the issues of 1985-07-26 to 1985-07-26' - cholera confirmed present; no case count available.",AI,
AFR::KEN::Central::Nyeri,1985-03-29,1985-11-01,presence_confirmed_count_unknown,124,"WHO Weekly Epidemiological Record volumes 59-62 (1984-1987), IHR cholera infected-areas register, Kenya districts",0.85,"Source states: 'WHO Weekly Epidemiological Record volume 60 (1985), CHOLERA infected-areas register: KENYA / Central Province / Nyeri District, listed in the issues of 1985-03-29 to 1985-11-01' - cholera confirmed present; no case count available.",AI,
AFR::KEN::Nyanza::Siaya,1985-03-08,1985-03-08,presence_confirmed_count_unknown,124,"WHO Weekly Epidemiological Record volumes 59-62 (1984-1987), IHR cholera infected-areas register, Kenya districts",0.85,"Source states: 'WHO Weekly Epidemiological Record volume 60 (1985), CHOLERA infected-areas register: KENYA / Nyanza Province / Siaya District, listed in the issues of 1985-03-08 to 1985-03-08' - cholera confirmed present; no case count available.",AI,
AFR::KEN::Rift-Valley::Trans_Nzoia,1985-07-26,1985-07-26,presence_confirmed_count_unknown,124,"WHO Weekly Epidemiological Record volumes 59-62 (1984-1987), IHR cholera infected-areas register, Kenya districts",0.85,"Source states: 'WHO Weekly Epidemiological Record volume 60 (1985), CHOLERA infected-areas register: KENYA / Rift Valley Province / Trans Nzoia District, listed in the issues of 1985-07-26 to 1985-07-26' - cholera confirmed present; no case count available.",AI,
AFR::KEN::Eastern::Embu,1986-09-12,1986-12-05,presence_confirmed_count_unknown,124,"WHO Weekly Epidemiological Record volumes 59-62 (1984-1987), IHR cholera infected-areas register, Kenya districts",0.85,"Source states: 'WHO Weekly Epidemiological Record volume 61 (1986), CHOLERA infected-areas register: KENYA / Eastern Province / Embu District, listed in the issues of 1986-09-12 to 1986-12-05' - cholera confirmed present; no case count available.",AI,
AFR::KEN::Eastern::Isiolo,1986-09-12,1986-11-07,presence_confirmed_count_unknown,124,"WHO Weekly Epidemiological Record volumes 59-62 (1984-1987), IHR cholera infected-areas register, Kenya districts",0.85,"Source states: 'WHO Weekly Epidemiological Record volume 61 (1986), CHOLERA infected-areas register: KENYA / Eastern Province / Isiolo District, listed in the issues of 1986-09-12 to 1986-11-07' - cholera confirmed present; no case count available.",AI,
AFR::KEN::Central::Kirinyaga,1986-09-12,1986-12-05,presence_confirmed_count_unknown,124,"WHO Weekly Epidemiological Record volumes 59-62 (1984-1987), IHR cholera infected-areas register, Kenya districts",0.85,"Source states: 'WHO Weekly Epidemiological Record volume 61 (1986), CHOLERA infected-areas register: KENYA / Central Province / Kirinyaga District, listed in the issues of 1986-09-12 to 1986-12-05' - cholera confirmed present; no case count available.",AI,
AFR::KEN::Eastern::Kitui,1986-09-12,1986-12-05,presence_confirmed_count_unknown,124,"WHO Weekly Epidemiological Record volumes 59-62 (1984-1987), IHR cholera infected-areas register, Kenya districts",0.85,"Source states: 'WHO Weekly Epidemiological Record volume 61 (1986), CHOLERA infected-areas register: KENYA / Eastern Province / Kitui District, listed in the issues of 1986-09-12 to 1986-12-05' - cholera confirmed present; no case count available.",AI,
AFR::KEN::Coast::Kwale,1986-09-12,1986-12-05,presence_confirmed_count_unknown,124,"WHO Weekly Epidemiological Record volumes 59-62 (1984-1987), IHR cholera infected-areas register, Kenya districts",0.85,"Source states: 'WHO Weekly Epidemiological Record volume 61 (1986), CHOLERA infected-areas register: KENYA / Coast Province / Kwale District, listed in the issues of 1986-09-12 to 1986-12-05' - cholera confirmed present; no case count available.",AI,
AFR::KEN::Coast::Lamu,1986-09-12,1986-12-05,presence_confirmed_count_unknown,124,"WHO Weekly Epidemiological Record volumes 59-62 (1984-1987), IHR cholera infected-areas register, Kenya districts",0.85,"Source states: 'WHO Weekly Epidemiological Record volume 61 (1986), CHOLERA infected-areas register: KENYA / Coast Province / Lamu District, listed in the issues of 1986-09-12 to 1986-12-05' - cholera confirmed present; no case count available.",AI,
AFR::KEN::Coast::Mombasa,1986-09-12,1986-12-05,presence_confirmed_count_unknown,124,"WHO Weekly Epidemiological Record volumes 59-62 (1984-1987), IHR cholera infected-areas register, Kenya districts",0.85,"Source states: 'WHO Weekly Epidemiological Record volume 61 (1986), CHOLERA infected-areas register: KENYA / Coast Province / Mombasa District, listed in the issues of 1986-09-12 to 1986-12-05' - cholera confirmed present; no case count available.",AI,
AFR::KEN::Central::Nyeri,1986-09-12,1986-12-05,presence_confirmed_count_unknown,124,"WHO Weekly Epidemiological Record volumes 59-62 (1984-1987), IHR cholera infected-areas register, Kenya districts",0.85,"Source states: 'WHO Weekly Epidemiological Record volume 61 (1986), CHOLERA infected-areas register: KENYA / Central Province / Nyeri District, listed in the issues of 1986-09-12 to 1986-12-05' - cholera confirmed present; no case count available.",AI,
AFR::KEN::Central::Kirinyaga,1987-06-05,1987-06-05,presence_confirmed_count_unknown,124,"WHO Weekly Epidemiological Record volumes 59-62 (1984-1987), IHR cholera infected-areas register, Kenya districts",0.85,"Source states: 'WHO Weekly Epidemiological Record volume 62 (1987), CHOLERA infected-areas register: KENYA / Central Province / Kirinyaga District, listed in the issues of 1987-06-05 to 1987-06-05' - cholera confirmed present; no case count available.",AI,
AFR::KEN::Nyanza::Kisumu,1987-06-05,1987-06-05,presence_confirmed_count_unknown,124,"WHO Weekly Epidemiological Record volumes 59-62 (1984-1987), IHR cholera infected-areas register, Kenya districts",0.85,"Source states: 'WHO Weekly Epidemiological Record volume 62 (1987), CHOLERA infected-areas register: KENYA / Nyanza Province / Kisumu District, listed in the issues of 1987-06-05 to 1987-06-05' - cholera confirmed present; no case count available.",AI,
AFR::KEN::Coast::Kwale,1987-06-05,1987-06-05,presence_confirmed_count_unknown,124,"WHO Weekly Epidemiological Record volumes 59-62 (1984-1987), IHR cholera infected-areas register, Kenya districts",0.85,"Source states: 'WHO Weekly Epidemiological Record volume 62 (1987), CHOLERA infected-areas register: KENYA / Coast Province / Kwale District, listed in the issues of 1987-06-05 to 1987-06-05' - cholera confirmed present; no case count available.",AI,
AFR::KEN::Coast::Lamu,1987-06-05,1987-06-05,presence_confirmed_count_unknown,124,"WHO Weekly Epidemiological Record volumes 59-62 (1984-1987), IHR cholera infected-areas register, Kenya districts",0.85,"Source states: 'WHO Weekly Epidemiological Record volume 62 (1987), CHOLERA infected-areas register: KENYA / Coast Province / Lamu District, listed in the issues of 1987-06-05 to 1987-06-05' - cholera confirmed present; no case count available.",AI,
AFR::KEN::Coast::Mombasa,1987-06-05,1987-06-05,presence_confirmed_count_unknown,124,"WHO Weekly Epidemiological Record volumes 59-62 (1984-1987), IHR cholera infected-areas register, Kenya districts",0.85,"Source states: 'WHO Weekly Epidemiological Record volume 62 (1987), CHOLERA infected-areas register: KENYA / Coast Province / Mombasa District, listed in the issues of 1987-06-05 to 1987-06-05' - cholera confirmed present; no case count available.",AI,
AFR::KEN::Rift-Valley::Nakuru,1987-06-05,1987-06-05,presence_confirmed_count_unknown,124,"WHO Weekly Epidemiological Record volumes 59-62 (1984-1987), IHR cholera infected-areas register, Kenya districts",0.85,"Source states: 'WHO Weekly Epidemiological Record volume 62 (1987), CHOLERA infected-areas register: KENYA / Rift Valley Province / Nakuru District, listed in the issues of 1987-06-05 to 1987-06-05' - cholera confirmed present; no case count available.",AI,
AFR::KEN::Central::Nyeri,1987-06-05,1987-06-05,presence_confirmed_count_unknown,124,"WHO Weekly Epidemiological Record volumes 59-62 (1984-1987), IHR cholera infected-areas register, Kenya districts",0.85,"Source states: 'WHO Weekly Epidemiological Record volume 62 (1987), CHOLERA infected-areas register: KENYA / Central Province / Nyeri District, listed in the issues of 1987-06-05 to 1987-06-05' - cholera confirmed present; no case count available.",AI,
AFR::KEN::Nyanza::South_Nyanza,1987-06-05,1987-06-05,presence_confirmed_count_unknown,124,"WHO Weekly Epidemiological Record volumes 59-62 (1984-1987), IHR cholera infected-areas register, Kenya districts",0.85,"Source states: 'WHO Weekly Epidemiological Record volume 62 (1987), CHOLERA infected-areas register: KENYA / Nyanza Province / South Nyanza District, listed in the issues of 1987-06-05 to 1987-06-05' - cholera confirmed present; no case count available.",AI,
AFR::KEN::Nyanza::Kisumu,2007-07-01,2007-07-13,presence_confirmed_count_unknown,172,"Kenya: Cholera outbreak hits Kisumu (ReliefWeb, 13 July 2007)",0.5,Source states: 'Cholera has broken out in the Manyatta settlement of Kisumu District. Reports by the Kisumu East Ministry of Health (MoH) office on 12th July 2007 stated that there was a cholera outbreak currently being experienced in the area.' - cholera confirmed present; no case count available.,AI,
AFR::KEN::Rift-Valley::Turkana,2007-07-01,2007-07-31,presence_confirmed_count_unknown,173,"Kenya Arid Lands (ALRMP) Drought Monthly Bulletin, Turkana District, July 2007",0.6,Source states: 'There were also few cases of cholera outbreak in Kaputir in Kainuk division of Turkana South district. ... Cases of cholera were also reported in Lokapel and Kalemng'orok areas of Turkana south District' - cholera confirmed present; no case count available.,AI,
AFR::KEN::Rift-Valley::West_Pokot,2007-02-01,2007-05-31,presence_confirmed_count_unknown,174,"Kenya Arid Lands (ALRMP) Drought Monthly Bulletin, West Pokot District, May 2007",0.6,Source states: 'There has been an outbreak of cholera in the district for the fourth month now at Marich in Sigor division to Kongelai and Kacheliba divisions of late. ... the current spread of Cholera outbreak in the region which has so far led to unwarranted human deaths.' - cholera confirmed present; no case count available.,AI,
AFR::KEN,1990-07-01,1990-07-24,presence_confirmed_count_unknown,188,"United Nations A/CONF.151/PC/INF/2 (24 July 1990), Preparatory Committee for UNCED first session, Nairobi 6-31 August 1990: Information for participants",0.6,"Source states: 'There are still some cases of cholera in certain districts of Kenya outside Nairobi and it may therefore be advisable for participants to have a valid cholera vaccination certificate, since a number of countries, particularly in Africa and the Indian subcontinent, may require such a certificate from travellers returning from Kenya.' - cholera confirmed present; no case count available.",AI,
AFR::KEN::Western::Busia,1992-11-01,1992-11-30,presence_confirmed_count_unknown,192,"JPRS Report: Epidemiology JPRS-TEP-93-009 (FBIS), 'Cholera Outbreak in Busia District' (Kenya Times, 30 Nov 1992)",0.5,"Source states: 'Busia public health officer, Mr. Charles Ojwang', has closed down all eating places in Bukoma, Bulemia, Obora and Buofu in Budalangi division of Busia District following a cholera outbreak in the areas.' - cholera confirmed present; no case count available.",AI,
AFR::KEN,1993-01-01,1993-12-31,presence_confirmed_count_unknown,237,"Kenya Economic Survey 1994 (Central Bureau of Statistics), Chapter 15 Health, para. 15.24 Disease Prevention and Control",0.4,Source states: '15.24. Disease Prevention and Control: This has remained an area of emphasis with particular reference to outbreak of certain diseases in some parts of the country such as cholera and meningitis.' - cholera confirmed present; no case count available.,AI,
AFR::KEN::North-Eastern::Garissa::Dadaab,2009-01-28,2009-03-24,presence_confirmed_count_unknown,241,"IFRC DREF Appeal No. 2/2009 (DREF Operation No. 03, 2009), Kenya (East Africa): Cholera Outbreaks (24 March 2009)",0.7,"Source states: 'Currently there is a cholera outbreak in Dadaab refugee camp. ... The first case was reported in Hagadera refugee camp and was traced back from Somalia on 28th January 2009. Since then cases have been reported in all the three refugee camps within a radius of 7-18km in Dadaab including Hagadera, Ifo and Dagahaley camps.' - cholera confirmed present; no case count available.",AI,
AFR::KEN::North-Eastern::Garissa::Dadaab::Dagahaley,2021-05-23,2021-08-08,presence_confirmed_count_unknown,302,"WHO AFRO Weekly Bulletin on Outbreak and Other Emergencies, Week 35, 23-29 August 2021 (Kenya cholera table entry)",0.9,"Source states: 'From 23 May 2021, cholera outbreak has been reported from Garissa and Turkana Counties, recording 38 cases with 14 confirmed by culture and no deaths. In Garissa, the outbreak is from Dagahaley Refugee Camp, Dadaab Sub-County, while in Turkana it is reported from Kalobeyei centre, Turkana west sub-county. Turkana outbreak has been controlled and the outbreak in Garissa was also controled during the week 31.' - cholera confirmed present; no case count available.",AI,
AFR::KEN::Rift-Valley::Turkana::Turkana_West::Kalobeyei,2021-05-23,2021-08-08,presence_confirmed_count_unknown,302,"WHO AFRO Weekly Bulletin on Outbreak and Other Emergencies, Week 35, 23-29 August 2021 (Kenya cholera table entry)",0.9,"Source states: 'From 23 May 2021, cholera outbreak has been reported from Garissa and Turkana Counties, recording 38 cases with 14 confirmed by culture and no deaths. In Garissa, the outbreak is from Dagahaley Refugee Camp, Dadaab Sub-County, while in Turkana it is reported from Kalobeyei centre, Turkana west sub-county. Turkana outbreak has been controlled and the outbreak in Garissa was also controled during the week 31.' - cholera confirmed present; no case count available.",AI,
AFR::KEN::Nairobi::Mathare,2022-05-03,2022-05-31,presence_confirmed_count_unknown,308,"WHO AFRO Weekly Bulletin on Outbreak and Other Emergencies, Week 23, 30 May-5 June 2022 (Kenya cholera event page)",0.9,"Source states: 'In Nairobi, cases have been reported from five sub-counties out of the 17 for the city: Mathare, Starehe, Kamukunji, Westlands and Roy Sambu. The two deaths were reported from Mathare and Kamukunji. Among the seven cases reported in Nairobi, two were confirmed by culture' - cholera confirmed present; no case count available.",AI,
AFR::KEN::Nairobi::Starehe,2022-05-03,2022-05-31,presence_confirmed_count_unknown,308,"WHO AFRO Weekly Bulletin on Outbreak and Other Emergencies, Week 23, 30 May-5 June 2022 (Kenya cholera event page)",0.9,"Source states: 'In Nairobi, cases have been reported from five sub-counties out of the 17 for the city: Mathare, Starehe, Kamukunji, Westlands and Roy Sambu. The two deaths were reported from Mathare and Kamukunji. Among the seven cases reported in Nairobi, two were confirmed by culture' - cholera confirmed present; no case count available.",AI,
AFR::KEN::Nairobi::Kamukunji,2022-05-03,2022-05-31,presence_confirmed_count_unknown,308,"WHO AFRO Weekly Bulletin on Outbreak and Other Emergencies, Week 23, 30 May-5 June 2022 (Kenya cholera event page)",0.9,"Source states: 'In Nairobi, cases have been reported from five sub-counties out of the 17 for the city: Mathare, Starehe, Kamukunji, Westlands and Roy Sambu. The two deaths were reported from Mathare and Kamukunji. Among the seven cases reported in Nairobi, two were confirmed by culture' - cholera confirmed present; no case count available.",AI,
AFR::KEN::Nairobi::Westlands,2022-05-03,2022-05-31,presence_confirmed_count_unknown,308,"WHO AFRO Weekly Bulletin on Outbreak and Other Emergencies, Week 23, 30 May-5 June 2022 (Kenya cholera event page)",0.9,"Source states: 'In Nairobi, cases have been reported from five sub-counties out of the 17 for the city: Mathare, Starehe, Kamukunji, Westlands and Roy Sambu. The two deaths were reported from Mathare and Kamukunji. Among the seven cases reported in Nairobi, two were confirmed by culture' - cholera confirmed present; no case count available.",AI,
AFR::KEN::Nairobi::Roysambu,2022-05-03,2022-05-31,presence_confirmed_count_unknown,308,"WHO AFRO Weekly Bulletin on Outbreak and Other Emergencies, Week 23, 30 May-5 June 2022 (Kenya cholera event page)",0.9,"Source states: 'In Nairobi, cases have been reported from five sub-counties out of the 17 for the city: Mathare, Starehe, Kamukunji, Westlands and Roy Sambu. The two deaths were reported from Mathare and Kamukunji. Among the seven cases reported in Nairobi, two were confirmed by culture' - cholera confirmed present; no case count available.",AI,
AFR::KEN::Nyanza::Migori::Rongo,2007-12-02,2008-04-29,presence_confirmed_count_unknown,353,"Kenya Red Cross Society (via ReliefWeb), Cholera in Nyanza: Kenya Red Cross intervenes (29 April 2008)",0.7,"Source states: 'Nyanza region has had cholera outbreaks since last year where the first case was confirmed in Suba on 2nd December 2007. The outbreaks have been reported in 10 districts. The affected districts are Nyando, Homabay, Suba, Migori, Rongo, Bondo, Kisumu East and West, South Kisii and Bunyala Districts.' - cholera confirmed present; no case count available.",AI,
AFR::KEN::Nyanza::Siaya::Bondo,2007-12-02,2008-04-29,presence_confirmed_count_unknown,353,"Kenya Red Cross Society (via ReliefWeb), Cholera in Nyanza: Kenya Red Cross intervenes (29 April 2008)",0.7,"Source states: 'Nyanza region has had cholera outbreaks since last year where the first case was confirmed in Suba on 2nd December 2007. The outbreaks have been reported in 10 districts. The affected districts are Nyando, Homabay, Suba, Migori, Rongo, Bondo, Kisumu East and West, South Kisii and Bunyala Districts.' - cholera confirmed present; no case count available.",AI,
AFR::KEN::Nyanza::Kisumu::Kisumu_West,2007-12-02,2008-04-29,presence_confirmed_count_unknown,353,"Kenya Red Cross Society (via ReliefWeb), Cholera in Nyanza: Kenya Red Cross intervenes (29 April 2008)",0.7,"Source states: 'Nyanza region has had cholera outbreaks since last year where the first case was confirmed in Suba on 2nd December 2007. The outbreaks have been reported in 10 districts. The affected districts are Nyando, Homabay, Suba, Migori, Rongo, Bondo, Kisumu East and West, South Kisii and Bunyala Districts.' - cholera confirmed present; no case count available.",AI,
AFR::KEN::Nyanza::Migori,2007-12-02,2008-04-29,presence_confirmed_count_unknown,353,"Kenya Red Cross Society (via ReliefWeb), Cholera in Nyanza: Kenya Red Cross intervenes (29 April 2008)",0.7,"Source states: 'Nyanza region has had cholera outbreaks since last year where the first case was confirmed in Suba on 2nd December 2007. The outbreaks have been reported in 10 districts. The affected districts are Nyando, Homabay, Suba, Migori, Rongo, Bondo, Kisumu East and West, South Kisii and Bunyala Districts.' - cholera confirmed present; no case count available.",AI,
AFR::KEN::Nyanza::Kisii,2007-12-02,2008-04-29,presence_confirmed_count_unknown,353,"Kenya Red Cross Society (via ReliefWeb), Cholera in Nyanza: Kenya Red Cross intervenes (29 April 2008)",0.7,"Source states: 'Nyanza region has had cholera outbreaks since last year where the first case was confirmed in Suba on 2nd December 2007. The outbreaks have been reported in 10 districts. The affected districts are Nyando, Homabay, Suba, Migori, Rongo, Bondo, Kisumu East and West, South Kisii and Bunyala Districts.' - cholera confirmed present; no case count available.",AI,
AFR::KEN::Western::Busia::Bunyala,2007-12-02,2008-04-29,presence_confirmed_count_unknown,353,"Kenya Red Cross Society (via ReliefWeb), Cholera in Nyanza: Kenya Red Cross intervenes (29 April 2008)",0.7,"Source states: 'Nyanza region has had cholera outbreaks since last year where the first case was confirmed in Suba on 2nd December 2007. The outbreaks have been reported in 10 districts. The affected districts are Nyando, Homabay, Suba, Migori, Rongo, Bondo, Kisumu East and West, South Kisii and Bunyala Districts.' - cholera confirmed present; no case count available.",AI,
AFR::KEN::Western::Bungoma,2008-09-01,2008-09-09,presence_confirmed_count_unknown,354,"UNEP/DEPHA (via ReliefWeb), Cholera Outbreak in Bungoma, Western Kenya - map (9 September 2008)",0.5,"Source states: 'Cholera Outbreak in Bungoma, Western KENYA ... Major Hospitals attending to cholera patients ... Most affected area ... 9th/Sept/2008' - cholera confirmed present; no case count available.",AI,
AFR::KEN::Eastern::Makueni,2005-03-01,2005-04-22,presence_confirmed_count_unknown,371,"UNICEF Humanitarian Action: Kenya donor update, 22 April 2005",0.6,"Source states: 'Emergency health kits boosted district supply of fast-moving medicines and supplies in Garissa, Ijara, Marsabit, Wajir, Mandera and Turkana, 10,000 insecticide treated nets were distributed ... and supplies were dispatched to contain a Cholera outbreak in Makueni district.' - cholera confirmed present; no case count available.",AI,
AFR::KEN::Western::Busia,2007-06-01,2007-06-30,presence_confirmed_count_unknown,378,"UN OCHA Kenya, Kenya: Humanitarian update - June 2007",0.65,"Source states: 'During the month of June, Cholera cases continued to be reported in 6 districts: Busia, Siaya, Kisumu, Nyando, Wajir and Garissa District (especially within the Dadaab refugee camps).' - cholera confirmed present; no case count available.",AI,
AFR::KEN::Nyanza::Siaya,2007-06-01,2007-06-30,presence_confirmed_count_unknown,378,"UN OCHA Kenya, Kenya: Humanitarian update - June 2007",0.65,"Source states: 'During the month of June, Cholera cases continued to be reported in 6 districts: Busia, Siaya, Kisumu, Nyando, Wajir and Garissa District (especially within the Dadaab refugee camps).' - cholera confirmed present; no case count available.",AI,
AFR::KEN::Nyanza::Kisumu,2007-06-01,2007-06-30,presence_confirmed_count_unknown,378,"UN OCHA Kenya, Kenya: Humanitarian update - June 2007",0.65,"Source states: 'During the month of June, Cholera cases continued to be reported in 6 districts: Busia, Siaya, Kisumu, Nyando, Wajir and Garissa District (especially within the Dadaab refugee camps).' - cholera confirmed present; no case count available.",AI,
AFR::KEN::Nyanza::Kisumu::Nyando,2007-06-01,2007-06-30,presence_confirmed_count_unknown,378,"UN OCHA Kenya, Kenya: Humanitarian update - June 2007",0.65,"Source states: 'During the month of June, Cholera cases continued to be reported in 6 districts: Busia, Siaya, Kisumu, Nyando, Wajir and Garissa District (especially within the Dadaab refugee camps).' - cholera confirmed present; no case count available.",AI,
AFR::KEN::North-Eastern::Wajir,2007-06-01,2007-06-30,presence_confirmed_count_unknown,378,"UN OCHA Kenya, Kenya: Humanitarian update - June 2007",0.65,"Source states: 'During the month of June, Cholera cases continued to be reported in 6 districts: Busia, Siaya, Kisumu, Nyando, Wajir and Garissa District (especially within the Dadaab refugee camps).' - cholera confirmed present; no case count available.",AI,
AFR::KEN::North-Eastern::Garissa::Dadaab,2007-06-01,2007-06-30,presence_confirmed_count_unknown,378,"UN OCHA Kenya, Kenya: Humanitarian update - June 2007",0.65,"Source states: 'During the month of June, Cholera cases continued to be reported in 6 districts: Busia, Siaya, Kisumu, Nyando, Wajir and Garissa District (especially within the Dadaab refugee camps).' - cholera confirmed present; no case count available.",AI,
AFR::KEN::North-Eastern::Garissa::Dadaab::Ifo,2007-04-01,2007-04-30,presence_confirmed_count_unknown,380,"Kenya Arid Lands Resource Management Project (ALRMP), Garissa District Drought Monthly Bulletin, April 2007",0.6,"Source states: 'However, there are cases of measles and cholera being reported in one of the Dadaab refugee camps (IFO) and this is a threat to locals from the surrounding centers' - cholera confirmed present; no case count available.",AI,
AFR::KEN::North-Eastern::Mandera,2008-10-28,2008-12-21,presence_confirmed_count_unknown,383,"WHO AFRO EHA, Africa weekly emergency situation update No. 41, 22 December 2008 (Kenya section)",0.5,"Source states: 'On-going cholera outbreak in the 3 districts of Mandera. Over 1,400 cases, 13 deaths reported since 17th November 2008.' - cholera confirmed present; no case count available.",AI,
AFR::KEN::Rift-Valley::Turkana::Turkana_South,2007-05-01,2007-05-31,presence_confirmed_count_unknown,388,"Kenya Arid Lands Resource Management Project (ALRMP), Turkana District Drought Monthly Bulletin, May 2007",0.6,"Source states: 'On human health, there was cholera outbreak in areas a long river Turkwell, mainly in Kainuk, Katilu and Central divisions in Turkana South district.' - cholera confirmed present; no case count available.",AI,
AFR::KEN::Rift-Valley::Turkana::Turkana_South,2007-08-01,2007-08-31,presence_confirmed_count_unknown,389,"Kenya Arid Lands Resource Management Project (ALRMP), Turkana District Drought Monthly Bulletin, August 2007",0.6,"Source states: 'Preventive and control intervention measures by MoH and UNICEF, to contain cholera outbreak in Katilu division of Turkana South district.' - cholera confirmed present; no case count available.",AI,
AFR::KEN::Rift-Valley::Turkana::Turkana_South,2007-10-01,2007-10-31,presence_confirmed_count_unknown,390,"Kenya Arid Lands Resource Management Project (ALRMP), Turkana District Drought Monthly Bulletin, October 2007",0.6,"Source states: 'Preventive and control intervention measures by MoH and UNICEF, to contain cholera outbreak in Katilu division of Turkana South district.' - cholera confirmed present; no case count available.",AI,
AFR::KEN::Rift-Valley::Turkana::Turkana_North,2007-12-01,2007-12-31,presence_confirmed_count_unknown,391,"Kenya Arid Lands Resource Management Project (ALRMP), Turkana District Drought Monthly Bulletin, December 2007",0.6,"Source states: 'In addition, cholera was reported in Nanam location of Lokichoggio division in Turkana North district.' - cholera confirmed present; no case count available.",AI,
AFR::KEN::Eastern::Marsabit::Moyale,2007-01-01,2007-01-31,presence_confirmed_count_unknown,392,"Kenya Arid Lands Resource Management Project (ALRMP), Moyale District Drought Monthly Bulletin, January 2007",0.6,"Source states: 'Some few cases of death has occurred in humans due to cholera. The areas affected much were Central division (mainly Heilu village, Gurumesa in town and Lami Sub-location)' - cholera confirmed present; no case count available.",AI,
AFR::KEN::Rift-Valley::Narok::Transmara_West,2008-05-04,2008-05-20,presence_confirmed_count_unknown,394,"UN OCHA Kenya, Kenya Humanitarian Update vol. 20, 16-20 May 2008",0.6,"Source states: 'A new outbreak of cholera was reported from Trans Mara District, Rift Valley Province on 4 May 2008.' - cholera confirmed present; no case count available.",AI,
AFR::KEN::Nyanza::Kisumu,2018-01-01,2018-12-31,presence_confirmed_count_unknown,403,"BMC Genomics 2026, Genomic analysis of Vibrio cholerae in Western Kenya (2015-2023), WRAIR/KEMRI enteric surveillance",0.8,"Source states: 'Detection varied across the years, with the highest positivity rate in 2019 (9/193; 4.7%), followed by 2023 (5/114; 4.4%), 2015 (8/203; 3.9%), and 2018 (2/118; 1.7%). [Table 4: VB13, VB14 2018 Kisumu County O1 ST69]' - cholera confirmed present; no case count available.",AI,
AFR::KEN::Rift-Valley::Turkana::Turkana_West::Kakuma,2006-06-01,2006-06-30,presence_confirmed_count_unknown,418,"ALRMP Turkana District Drought Monthly Bulletin, June 2006 (ReliefWeb)",0.6,"Source states: 'The human health condition remained better although there were such cases of diarrhoea, URTI, pneumonia, eye infection and a few measles and cholera cases have been confirmed and reported in Kakuma, posing a health threat in high concentration areas of the refugee camps.' - cholera confirmed present; no case count available.",AI,
AFR::KEN::Eastern::Isiolo,1999-02-01,1999-04-01,presence_confirmed_count_unknown,436,"WHO Weekly Epidemiological Record 74(13), 2 April 1999, 'Newly infected areas as at 1 April 1999' (WHO docstore copy)",0.8,Source states: 'Newly infected areas as at 1 April 1999 ... Cholera ... Africa ... Kenya ... Eastern Province Isiolo District ... Nyanza Province Siaya District' - cholera confirmed present; no case count available.,AI,
AFR::KEN::Nyanza::Siaya,1999-02-01,1999-04-01,presence_confirmed_count_unknown,436,"WHO Weekly Epidemiological Record 74(13), 2 April 1999, 'Newly infected areas as at 1 April 1999' (WHO docstore copy)",0.8,Source states: 'Newly infected areas as at 1 April 1999 ... Cholera ... Africa ... Kenya ... Eastern Province Isiolo District ... Nyanza Province Siaya District' - cholera confirmed present; no case count available.,AI,
AFR::KEN::Western::Busia,2005-01-01,2005-03-31,presence_confirmed_count_unknown,166,"Mugoya I et al. 2008, Rapid spread of Vibrio cholerae O1 throughout Kenya, 2005 (Am J Trop Med Hyg 78(3):527-533; PMID 18337355)",0.85,"Source states: 'Five cholera outbreaks in Kenya were identified by the Ministry of Health in the following locations: Busia along the Ugandan border ...; Malindi along the Kenya's Indian Ocean coast ...; Kibwezi in east-central Kenya ...; Nairobi in the Eastland informal settlement ...; and Kakuma refugee camp ... occurring during an interval defined as follows: January 1-March 31, 2005, in Busia; February 15-March 31, 2005, in Malindi; February 1-March 31, 2005, in Kibwezi; June 1-20, 2005, in Nairobi; and November 1, 2004-June 30, 2005 in Kakuma.' - cholera confirmed present; no case count available.",AI,
AFR::KEN::Coast::Kilifi::Malindi,2005-02-15,2005-03-31,presence_confirmed_count_unknown,166,"Mugoya I et al. 2008, Rapid spread of Vibrio cholerae O1 throughout Kenya, 2005 (Am J Trop Med Hyg 78(3):527-533; PMID 18337355)",0.85,"Source states: 'Five cholera outbreaks in Kenya were identified by the Ministry of Health in the following locations: Busia along the Ugandan border ...; Malindi along the Kenya's Indian Ocean coast ...; Kibwezi in east-central Kenya ...; Nairobi in the Eastland informal settlement ...; and Kakuma refugee camp ... occurring during an interval defined as follows: January 1-March 31, 2005, in Busia; February 15-March 31, 2005, in Malindi; February 1-March 31, 2005, in Kibwezi; June 1-20, 2005, in Nairobi; and November 1, 2004-June 30, 2005 in Kakuma.' - cholera confirmed present; no case count available.",AI,
AFR::KEN::Eastern::Makueni::Kibwezi,2005-02-01,2005-03-31,presence_confirmed_count_unknown,166,"Mugoya I et al. 2008, Rapid spread of Vibrio cholerae O1 throughout Kenya, 2005 (Am J Trop Med Hyg 78(3):527-533; PMID 18337355)",0.85,"Source states: 'Five cholera outbreaks in Kenya were identified by the Ministry of Health in the following locations: Busia along the Ugandan border ...; Malindi along the Kenya's Indian Ocean coast ...; Kibwezi in east-central Kenya ...; Nairobi in the Eastland informal settlement ...; and Kakuma refugee camp ... occurring during an interval defined as follows: January 1-March 31, 2005, in Busia; February 15-March 31, 2005, in Malindi; February 1-March 31, 2005, in Kibwezi; June 1-20, 2005, in Nairobi; and November 1, 2004-June 30, 2005 in Kakuma.' - cholera confirmed present; no case count available.",AI,
AFR::KEN::Rift-Valley::Nakuru::Molo,1997-10-01,1997-10-28,presence_confirmed_count_unknown,448,"WHO Disease Outbreak News, Cholera in Kenya, 28 October 1997",0.85,"Source states: 'The first case in the current outbreak was detected on 25 June 1997 in Nyatike Division. Migori District, and then spread to Rachuonyo, Suba, Homa Bay and Kisumu District of Nyuanza province and currently to Molo in Nakuru.' - cholera confirmed present; no case count available.",AI,
AFR::KEN::Coast::Kwale,2004-01-01,2004-08-16,presence_confirmed_count_unknown,460,"WHO (via ReliefWeb), Kenya: Health profile - 16 Aug 2004",0.8,"Source states: 'In addition, leptospirosis in western Kenya and Cholera outbreaks in Kwale occurred as a result of poor water quality.' - cholera confirmed present; no case count available.",AI,
AFR::KEN::Western::Busia,2009-07-20,2009-08-02,presence_confirmed_count_unknown,478,"WHO AFRO EHA, Africa weekly emergency situation update Vol. 2 No. 31, 3 August 2009 (Kenya section)",0.8,"Source states: 'The Cholera outbreak, has affected 32 districts. There is new emergence of the outbreak in five new districts where it was controlled. More than 4, 500 cases and 95 deaths were reported since January 2009. Active transmission is still ongoing in 8 districts with the new ones being Busia, Isiolo and Laissamis districts' - cholera confirmed present; no case count available.",AI,
AFR::KEN::Eastern::Marsabit::Laisamis,2009-07-20,2009-08-02,presence_confirmed_count_unknown,478,"WHO AFRO EHA, Africa weekly emergency situation update Vol. 2 No. 31, 3 August 2009 (Kenya section)",0.8,"Source states: 'The Cholera outbreak, has affected 32 districts. There is new emergence of the outbreak in five new districts where it was controlled. More than 4, 500 cases and 95 deaths were reported since January 2009. Active transmission is still ongoing in 8 districts with the new ones being Busia, Isiolo and Laissamis districts' - cholera confirmed present; no case count available.",AI,
AFR::KEN::Eastern::Embu,2010-02-08,2010-02-14,presence_confirmed_count_unknown,480,"WHO AFRO EHA, Africa weekly emergency situation update Vol. 3 No. 6, 15 February 2010 (Kenya section)",0.8,"Source states: 'In the last one week 7 districts have reported new cases namely; Kajiado, Westlands, Siaya, Mbeere, Tharaka, Meru south and Pokot central. [Mbeere district (2010) lies in today's Embu County, Mbeere North/South; recorded at county level, no district count given]' - cholera confirmed present; no case count available.",AI,
AFR::KEN::Eastern::Tharaka_Nithi,2010-02-08,2010-02-14,presence_confirmed_count_unknown,480,"WHO AFRO EHA, Africa weekly emergency situation update Vol. 3 No. 6, 15 February 2010 (Kenya section)",0.8,"Source states: 'In the last one week 7 districts have reported new cases namely; Kajiado, Westlands, Siaya, Mbeere, Tharaka, Meru south and Pokot central. [Meru South district (2010, Chuka) lies in today's Tharaka-Nithi County; recorded at county level, no district count given]' - cholera confirmed present; no case count available.",AI,
AFR::KEN::Rift-Valley::Turkana,1980-08-01,1980-08-31,presence_confirmed_count_unknown,481,"Iwanaga M, Mori K, Kaviti JN (1981). The routes of cholera spreading in Kenya. Tropical Medicine (Nagasaki) 23(4):217-222",0.6,"Source states: 'Table 1: (1) Turkana 2 2 Ogawa 2 Cured Aug. 1980. Text: 'In phage-prophage typing, 2 strains from an epidemic in Turkana(l) were identified ... These 2 strains were randomly collected. This suggested that many of the epidemic strains in Turkana(l) belonged to CBS.' [epidemic confirmed by isolates; the 2 strains are a random sample, not a case count]' - cholera confirmed present; no case count available.",AI,
AFR::KEN::Coast::Kilifi,1984-08-01,1984-08-31,presence_confirmed_count_unknown,490,"JPRS Worldwide Report: Epidemiology JPRS-TEP-85-002 (4 Feb 1985), Kenya items on cholera in Meru, Garissa, Thika and Machakos/Kangundo (Daily Nation 21, 22 and 27 Dec 1984)",0.5,"Source states: 'Over 2,900 other diarrhoea and vomiting cases were investigated in Kilifi, in the Coast Province, where cholera incidences were severe in August. The disease has been brought under control there, he said, but investigations were still in progress in Chimbala, Rabai, Maraka and Kaloleni. [MoH PS, Daily Nation 21 Dec 1984; no cholera case count given]' - cholera confirmed present; no case count available.",AI,
AFR::KEN::Central::Kiambu::Thika_Town,1984-12-10,1984-12-22,presence_confirmed_count_unknown,490,"JPRS Worldwide Report: Epidemiology JPRS-TEP-85-002 (4 Feb 1985), Kenya items on cholera in Meru, Garissa, Thika and Machakos/Kangundo (Daily Nation 21, 22 and 27 Dec 1984)",0.45,"Source states: 'Thika municipal chief public health officer, Mr R.C.T. Odipo said ... Kiandutu and Gachaki slum villages had been declared cholera zones. Cholera has already claimed three lives. [Daily Nation 22 Dec 1984; deaths only, no case count]' - cholera confirmed present; no case count available.",AI,
AFR::KEN::Rift-Valley::Laikipia,1984-12-10,1984-12-26,presence_confirmed_count_unknown,490,"JPRS Worldwide Report: Epidemiology JPRS-TEP-85-002 (4 Feb 1985), Kenya items on cholera in Meru, Garissa, Thika and Machakos/Kangundo (Daily Nation 21, 22 and 27 Dec 1984)",0.35,"Source states: 'The disease has also been reported in Kilifi, Nanyuki and Murang'a. But during a press conference last Wednesday the Director of Medical Services, Dr Wilfred Koinange, said that except for Meru, cases reported in other areas were of a 'mild' nature. [Daily Nation 27 Dec 1984; Nanyuki = Laikipia; no count]' - cholera confirmed present; no case count available.",AI,
AFR::KEN::Central::Muranga,1984-12-10,1984-12-26,presence_confirmed_count_unknown,490,"JPRS Worldwide Report: Epidemiology JPRS-TEP-85-002 (4 Feb 1985), Kenya items on cholera in Meru, Garissa, Thika and Machakos/Kangundo (Daily Nation 21, 22 and 27 Dec 1984)",0.35,"Source states: 'The disease has also been reported in Kilifi, Nanyuki and Murang'a. But during a press conference last Wednesday the Director of Medical Services, Dr Wilfred Koinange, said that except for Meru, cases reported in other areas were of a 'mild' nature. [Daily Nation 27 Dec 1984; no count]' - cholera confirmed present; no case count available.",AI,
AFR::KEN::Eastern::Machakos,1984-12-13,1984-12-22,presence_confirmed_count_unknown,490,"JPRS Worldwide Report: Epidemiology JPRS-TEP-85-002 (4 Feb 1985), Kenya items on cholera in Meru, Garissa, Thika and Machakos/Kangundo (Daily Nation 21, 22 and 27 Dec 1984)",0.4,"Source states: 'The disease first struck the district 1 1/2 weeks ago in Ndalani area of Yatta, which borders Kangundo. [Daily Nation 27 Dec 1984; Yatta cases count-less - the Kangundo count is held as a row]' - cholera confirmed present; no case count available.",AI,
AFR::KEN::Eastern::Kitui,1984-12-10,1984-12-26,presence_confirmed_count_unknown,490,"JPRS Worldwide Report: Epidemiology JPRS-TEP-85-002 (4 Feb 1985), Kenya items on cholera in Meru, Garissa, Thika and Machakos/Kangundo (Daily Nation 21, 22 and 27 Dec 1984)",0.35,Source states: 'strict public health measures have been given to the traders and hawkers at the Ishiara open air market in Embu District ... because the market was serving the neighbouring Tharaka Division of Meru and parts of Kitui District where cases of cholera outbreak have been reported. (KNA) [no count]' - cholera confirmed present; no case count available.,AI,
AFR::KEN::North-Eastern::Wajir,2008-01-01,2008-06-30,presence_confirmed_count_unknown,491,"IFRC Emergency Appeal MDRKE003 Kenya: Floods, Appeal Extension - Recovery Operations Update no. 5 (24 Oct 2008; period 1 Jan-30 Jun 2008)",0.5,"Source states: 'Three cholera wards managed in Wajir District during cholera outbreak ... In Wajir District, a mass hygiene campaign was carried out in Wajir Town, following the outbreak of cholera that originated from neighbouring Somalia. [no case count given; period covered by the update 1 Jan-30 Jun 2008]' - cholera confirmed present; no case count available.",AI,
AFR::KEN,1993-01-07,1993-11-18,presence_confirmed_count_unknown,494,"WHO Weekly Epidemiological Record 1993 (vol. 68), IHR 'Infected areas as at' monthly lists, Cholera - Africa: 'Kenya (Area not specified)' (7 Jan - 18 Nov 1993)",0.8,"Source states: 'Infected areas as at 7 January 1993 ... Cholera - Choléra / Africa - Afrique ... Kenya (Area not specified - Zone non précisée)' [identical entry in the lists as at 8 April, 8 July, 16 September, 21 October and 18 November 1993] - Kenya officially carried as cholera-infected under the IHR throughout 1993 while filing no case numbers (WER 'Cholera in 1993': 'Cholera was not reported in 1993 from ... Kenya'); count unknown. Non-reporting year with official infection status, not absence. Agent 3 (opus55 cycle).' - cholera confirmed present; no case count available.",AI,
AFR::KEN,1993-01-01,1994-12-31,presence_confirmed_count_unknown,513,"WFP Committee on Food Aid Policies and Programmes, CFA:39/SCP:14/3-A(OME)Add.2 (6 April 1995), Project Kenya 4961 (Exp.2) Food assistance for Somali, Ethiopian and Sudanese refugees",0.5,"Source states: 'The results of the nutritional surveys carried out in 1993 and 1994 ... Crude mortality rates averaged 0.7/1,000 persons/month ... The sporadic increases in mortality rates reported in some camps coincide with outbreaks of malaria and cholera and cannot be directly linked to malnutrition. [WFP CFA:39/SCP:14/3-A(OME)Add.2, 6 Apr 1995, para 18-21, Kenya refugee camps; the camps and outbreak dates are not named, so the window is the 1993-94 survey period and the location is national; count-less - presence only, NOT a data row; independent of the WHO IHR register that carries 'Kenya (Area not specified)' through 1993]' - cholera confirmed present; no case count available.",AI,
